Car Links,dealer/private
https://www.bilbasen.dk/brugt/bil/renault/zoe/22-intens-5d/5884383,dealer
https://www.bilbasen.dk/brugt/bil/bmw/i3/executive-edition-5d/6148637,dealer
https://www.bilbasen.dk/brugt/bil/nissan/leaf/40-tekna-5d/6066204,dealer
https://www.bilbasen.dk/brugt/bil/vw/id4/pro-performance-max-5d/6063318,dealer
https://www.bilbasen.dk/brugt/bil/audi/e-tron/55-advanced-sportback-quattro-5d/6095941,dealer
https://www.bilbasen.dk/brugt/bil/tesla/model-3/long-range-awd-4d/6148891,dealer
https://www.bilbasen.dk/brugt/bil/tesla/model-3/standard-range-rwd-4d/6046362,dealer
https://www.bilbasen.dk/brugt/bil/nissan/leaf/30-acenta-5d/6102136,dealer
https://www.bilbasen.dk/brugt/bil/polestar/2/long-range-awd-5d/6155415,dealer
https://www.bilbasen.dk/brugt/bil/nissan/leaf/40-n-connecta-5d/6146805,dealer
https://www.bilbasen.dk/brugt/bil/bmw/ix3/charged-impressive-5d/6063898,dealer
https://www.bilbasen.dk/brugt/bil/lexus/ux300e/premium-5d/5997804,dealer
https://www.bilbasen.dk/brugt/bil/tesla/model-3/standard-range-rwd-4d/6142138,dealer
https://www.bilbasen.dk/brugt/bil/tesla/model-s/70d-5d/5672221,dealer
https://www.bilbasen.dk/brugt/bil/vw/e-golf-vii/5d/6154671,dealer
https://www.bilbasen.dk/brugt/bil/tesla/model-s/100d-5d/6148303,dealer
https://www.bilbasen.dk/brugt/bil/vw/id4/pro-performance-5d/6092985,dealer
https://www.bilbasen.dk/brugt/bil/mercedes/eqc400/amg-line-4matic-5d/6136107,dealer
https://www.bilbasen.dk/brugt/bil/tesla/model-3/long-range-awd-4d/6052680,dealer
https://www.bilbasen.dk/brugt/bil/ford/mustang-mach-e/standard-range-5d/5892554,dealer
https://www.bilbasen.dk/brugt/bil/tesla/model-3/long-range-awd-4d/6111179,dealer
https://www.bilbasen.dk/brugt/bil/tesla/model-3/long-range-awd-4d/6144668,dealer
https://www.bilbasen.dk/brugt/bil/nissan/leaf/40-tekna-5d/6068433,dealer
https://www.bilbasen.dk/brugt/bil/nissan/leaf/62-e-tekna-5d/6133448,dealer
https://www.bilbasen.dk/brugt/bil/mercedes/eqc400/amg-line-4matic-5d/6151047,dealer
https://www.bilbasen.dk/brugt/bil/vw/id4/pro-performance-1st-5d/6147952,dealer
https://www.bilbasen.dk/brugt/bil/vw/id3/pro-s-tour-5d/6037769,dealer
https://www.bilbasen.dk/brugt/bil/audi/e-tron/55-s-line-sportback-quattro-5d/5986530,dealer
https://www.bilbasen.dk/brugt/bil/opel/corsa-e/50-edition-5d/6157759,dealer
https://www.bilbasen.dk/brugt/bil/tesla/model-s/long-range-awd-5d/5987107,dealer
https://www.bilbasen.dk/brugt/bil/vw/id4/pro-performance-1st-max-5d/6090536,dealer
https://www.bilbasen.dk/brugt/bil/bmw/i3/bev-5d/5918946,dealer
https://www.bilbasen.dk/brugt/bil/tesla/model-s/p100d-ludicrous-5d/5593373,dealer
https://www.bilbasen.dk/brugt/bil/tesla/model-s/long-range-awd-5d/6143142,dealer
https://www.bilbasen.dk/brugt/bil/tesla/model-s/85-5d/6122519,dealer
https://www.bilbasen.dk/brugt/bil/nissan/leaf/40-tekna-5d/6080380,dealer
https://www.bilbasen.dk/brugt/bil/audi/e-tron/50-s-line-quattro-5d/6146884,dealer
https://www.bilbasen.dk/brugt/bil/vw/id3/1st-plus-5d/6127927,dealer
https://www.bilbasen.dk/brugt/bil/vw/id4/pro-performance-5d/6106889,dealer
https://www.bilbasen.dk/brugt/bil/polestar/2/long-range-5d/6110215,dealer
https://www.bilbasen.dk/brugt/bil/tesla/model-s/ludicrous-performance-awd-5d/6074405,dealer
https://www.bilbasen.dk/brugt/bil/audi/e-tron/55-advanced-quattro-5d/6072378,dealer
https://www.bilbasen.dk/brugt/bil/vw/id3/performance-5d/6149120,dealer
https://www.bilbasen.dk/brugt/bil/audi/e-tron/55-s-line-sportback-quattro-5d/6076378,dealer
https://www.bilbasen.dk/brugt/bil/hyundai/ioniq/ev-premium-5d/6055469,dealer
https://www.bilbasen.dk/brugt/bil/mercedes/eqe350/4d/6157845,dealer
https://www.bilbasen.dk/brugt/bil/vw/id3/pro-performance-5d/6157055,dealer
https://www.bilbasen.dk/brugt/bil/skoda/enyaq/60-iv-5d/6151872,dealer
https://www.bilbasen.dk/brugt/bil/tesla/model-s/p90d-insane-5d/6148302,dealer
https://www.bilbasen.dk/brugt/bil/vw/e-golf-vii/5d/6155706,dealer
https://www.bilbasen.dk/brugt/bil/mercedes/eqc400/amg-line-4matic-5d/6128225,dealer
https://www.bilbasen.dk/brugt/bil/vw/id4/pro-performance-5d/5975093,dealer
https://www.bilbasen.dk/brugt/bil/vw/id4/pro-performance-1st-5d/6139779,dealer
https://www.bilbasen.dk/brugt/bil/porsche/taycan-4s/performance-4d/6111562,dealer
https://www.bilbasen.dk/brugt/bil/kia/e-niro/64-advance-5d/6141600,dealer
https://www.bilbasen.dk/brugt/bil/volvo/xc40/p8-recharge-plus-5d/6117779,dealer
https://www.bilbasen.dk/brugt/bil/tesla/model-s/75d-5d/6151608,dealer
https://www.bilbasen.dk/brugt/bil/mercedes/eqc400/4matic-5d/6146278,dealer
https://www.bilbasen.dk/brugt/bil/jaguar/i-pace/ev400-s-awd-5d/6137044,dealer
https://www.bilbasen.dk/brugt/bil/audi/e-tron-s/sportback-quattro-5d/6010247,dealer
https://www.bilbasen.dk/brugt/bil/bmw/i3/bev-5d/5589024,dealer
https://www.bilbasen.dk/brugt/bil/hyundai/kona/64-ev-style-5d/6157863,dealer
https://www.bilbasen.dk/brugt/bil/hyundai/ioniq/ev-trend-5d/6155085,dealer
https://www.bilbasen.dk/brugt/bil/skoda/enyaq/80-iv-ecosuite-5d/6137880,dealer
https://www.bilbasen.dk/brugt/bil/polestar/2/performance-awd-5d/6140457,dealer
https://www.bilbasen.dk/brugt/bil/opel/corsa-e/50-elegance-5d/6147964,dealer
https://www.bilbasen.dk/brugt/bil/vw/e-up/high-up-5d/6121803,dealer
https://www.bilbasen.dk/brugt/bil/vw/id4/pro-performance-5d/6131920,dealer
https://www.bilbasen.dk/brugt/bil/polestar/2/performance-awd-5d/6149410,dealer
https://www.bilbasen.dk/brugt/bil/tesla/model-s/85-5d/6137542,dealer
https://www.bilbasen.dk/brugt/bil/hyundai/ioniq/ev-trend-5d/6100435,dealer
https://www.bilbasen.dk/brugt/bil/mercedes/eqc400/edition-1886-4matic-5d/5605309,dealer
https://www.bilbasen.dk/brugt/bil/volvo/xc40/p8-recharge-r-design-5d/6152457,dealer
https://www.bilbasen.dk/brugt/bil/audi/e-tron/55-quattro-5d/6050010,dealer
https://www.bilbasen.dk/brugt/bil/tesla/model-3/standard-range-rwd-4d/6158643,dealer
https://www.bilbasen.dk/brugt/bil/tesla/model-3/performance-awd-4d/6146340,dealer
https://www.bilbasen.dk/brugt/bil/vw/id4/pro-performance-1st-max-5d/6108691,dealer
https://www.bilbasen.dk/brugt/bil/tesla/model-3/long-range-awd-4d/6153862,dealer
https://www.bilbasen.dk/brugt/bil/mercedes/eqe350/4d/6135766,dealer
https://www.bilbasen.dk/brugt/bil/audi/q4-e-tron/40-5d/6154406,dealer
https://www.bilbasen.dk/brugt/bil/tesla/model-3/standard-range-rwd-4d/6144505,dealer
https://www.bilbasen.dk/brugt/bil/tesla/model-s/75-5d/6001948,dealer
https://www.bilbasen.dk/brugt/bil/audi/e-tron/55-s-line-quattro-5d/6147762,dealer
https://www.bilbasen.dk/brugt/bil/tesla/model-3/long-range-awd-4d/6149316,dealer
https://www.bilbasen.dk/brugt/bil/audi/e-tron/55-quattro-5d/6059467,dealer
https://www.bilbasen.dk/brugt/bil/vw/id4/pro-performance-1st-5d/6109025,dealer
https://www.bilbasen.dk/brugt/bil/vw/id4/pro-performance-1st-max-5d/6156623,dealer
https://www.bilbasen.dk/brugt/bil/vw/id4/pro-performance-max-5d/6138346,dealer
https://www.bilbasen.dk/brugt/bil/vw/e-golf-vii/5d/6151425,dealer
https://www.bilbasen.dk/brugt/bil/tesla/model-3/standard-range-rwd-4d/6147524,dealer
https://www.bilbasen.dk/brugt/bil/audi/e-tron/55-s-line-quattro-5d/6128641,dealer
https://www.bilbasen.dk/brugt/bil/tesla/model-s/85-5d/6152240,dealer
https://www.bilbasen.dk/brugt/bil/nissan/leaf/40-tekna-5d/6125238,dealer
https://www.bilbasen.dk/brugt/bil/bmw/i3/rex-5d/6093532,dealer
https://www.bilbasen.dk/brugt/bil/tesla/model-s/75-7prs-5d/5731723,dealer
https://www.bilbasen.dk/brugt/bil/vw/e-golf-vii/5d/6159277,dealer
https://www.bilbasen.dk/brugt/bil/audi/e-tron/50-advanced-prestige-quattro-5d/6025047,dealer
https://www.bilbasen.dk/brugt/bil/audi/q4-e-tron/40-s-line-5d/6142039,dealer
https://www.bilbasen.dk/brugt/bil/mercedes/eqc400/4matic-5d/6152557,dealer
https://www.bilbasen.dk/brugt/bil/vw/id3/pro-performance-business-5d/6142815,dealer
https://www.bilbasen.dk/brugt/bil/audi/e-tron/55-prestige-quattro-5d/6153857,dealer
https://www.bilbasen.dk/brugt/bil/jaguar/i-pace/ev400-s-awd-5d/6144207,dealer
https://www.bilbasen.dk/brugt/bil/tesla/model-3/standard-range-rwd-4d/6146728,dealer
https://www.bilbasen.dk/brugt/bil/audi/e-tron/55-sportback-quattro-5d/6159181,dealer
https://www.bilbasen.dk/brugt/bil/tesla/model-s/85d-5d/5714630,dealer
https://www.bilbasen.dk/brugt/bil/vw/e-golf-vii/5d/6089033,dealer
https://www.bilbasen.dk/brugt/bil/audi/q4-e-tron/40-5d/6145552,dealer
https://www.bilbasen.dk/brugt/bil/porsche/taycan-4s/performance-4d/6158947,dealer
https://www.bilbasen.dk/brugt/bil/audi/e-tron/55-s-line-sportback-quattro-5d/6119285,dealer
https://www.bilbasen.dk/brugt/bil/hyundai/ioniq/ev-premium-5d/6148868,dealer
https://www.bilbasen.dk/brugt/bil/tesla/model-s/70d-5d/6151625,dealer
https://www.bilbasen.dk/brugt/bil/nissan/leaf/40-tekna-5d/6041724,dealer
https://www.bilbasen.dk/brugt/bil/peugeot/ion/highline-5d/5969153,dealer
https://www.bilbasen.dk/brugt/bil/skoda/enyaq/80-iv-ecosuite-5d/6150957,dealer
https://www.bilbasen.dk/brugt/bil/bmw/i4/edrive40-m-sport-5d/6142494,dealer
https://www.bilbasen.dk/brugt/bil/vw/id4/pro-performance-1st-5d/6151225,dealer
https://www.bilbasen.dk/brugt/bil/vw/id4/1st-max-5d/6146554,dealer
https://www.bilbasen.dk/brugt/bil/tesla/model-s/70d-5d/6145354,dealer
https://www.bilbasen.dk/brugt/bil/bmw/ix3/charged-plus-m-sport-5d/6151311,dealer
https://www.bilbasen.dk/brugt/bil/audi/e-tron-gt/quattro-4d/6140933,dealer
https://www.bilbasen.dk/brugt/bil/mg/marvel-r/luxury-5d/6149359,dealer
https://www.bilbasen.dk/brugt/bil/audi/e-tron/50-advanced-prestige-quattro-5d/6133618,dealer
https://www.bilbasen.dk/brugt/bil/tesla/model-3/long-range-awd-4d/6103769,dealer
https://www.bilbasen.dk/brugt/bil/tesla/model-3/long-range-awd-4d/6116885,dealer
https://www.bilbasen.dk/brugt/bil/mini/cooper-se/essential-3d/6105359,dealer
https://www.bilbasen.dk/brugt/bil/hyundai/kona/64-ev-style-5d/6131555,dealer
https://www.bilbasen.dk/brugt/bil/renault/zoe/41-intens-5d/5713467,dealer
https://www.bilbasen.dk/brugt/bil/vw/id4/pure-performance-5d/6081658,dealer
https://www.bilbasen.dk/brugt/bil/hyundai/ioniq-5/73-advanced-5d/6129058,dealer
https://www.bilbasen.dk/brugt/bil/skoda/enyaq/80-iv-loft-5d/6134077,dealer
https://www.bilbasen.dk/brugt/bil/polestar/2/long-range-5d/6156359,dealer
https://www.bilbasen.dk/brugt/bil/volvo/xc40/p8-recharge-pro-5d/6134766,dealer
https://www.bilbasen.dk/brugt/bil/polestar/2/long-range-5d/6144132,dealer
https://www.bilbasen.dk/brugt/bil/audi/q4-e-tron/40-advanced-5d/6137206,dealer
https://www.bilbasen.dk/brugt/bil/vw/e-up/high-up-5d/5969235,dealer
https://www.bilbasen.dk/brugt/bil/audi/q4-e-tron/35-advanced-sportback-5d/6156026,dealer
https://www.bilbasen.dk/brugt/bil/volvo/xc40/p8-recharge-r-design-5d/6147886,dealer
https://www.bilbasen.dk/brugt/bil/ds/ds-3-crossback/50-e-tense-performance-line-5d/6116312,dealer
https://www.bilbasen.dk/brugt/bil/polestar/2/long-range-awd-5d/6154771,dealer
https://www.bilbasen.dk/brugt/bil/audi/e-tron/55-s-line-quattro-5d/5846198,dealer
https://www.bilbasen.dk/brugt/bil/vw/e-up/5d/5997172,dealer
https://www.bilbasen.dk/brugt/bil/kia/e-niro/64-advance-5d/6138969,dealer
https://www.bilbasen.dk/brugt/bil/vw/id3/pro-performance-life-5d/6137800,dealer
https://www.bilbasen.dk/brugt/bil/polestar/2/long-range-5d/6156968,dealer
https://www.bilbasen.dk/brugt/bil/mercedes/eqa250/amg-line-5d/6155715,dealer
https://www.bilbasen.dk/brugt/bil/kia/e-niro/64-executive-line-5d/6145520,dealer
https://www.bilbasen.dk/brugt/bil/audi/e-tron/55-s-line-quattro-5d/6102715,dealer
https://www.bilbasen.dk/brugt/bil/kia/e-niro/64-comfort-5d/6137891,dealer
https://www.bilbasen.dk/brugt/bil/volvo/xc40/p6-recharge-pro-5d/6131789,dealer
https://www.bilbasen.dk/brugt/bil/vw/id3/pro-performance-tech-5d/6143540,dealer
https://www.bilbasen.dk/brugt/bil/vw/e-up/5d/6059922,dealer
https://www.bilbasen.dk/brugt/bil/skoda/enyaq/80-iv-first-edition-5d/6123813,dealer
https://www.bilbasen.dk/brugt/bil/audi/e-tron/55-quattro-5d/6111096,dealer
https://www.bilbasen.dk/brugt/bil/mercedes/eqs580/amg-line-4matic-5d/5943013,dealer
https://www.bilbasen.dk/brugt/bil/renault/zoe/22-life-5d/6130462,dealer
https://www.bilbasen.dk/brugt/bil/tesla/model-3/long-range-awd-4d/6130168,dealer
https://www.bilbasen.dk/brugt/bil/polestar/2/long-range-5d/6111371,dealer
https://www.bilbasen.dk/brugt/bil/skoda/enyaq/80-iv-5d/6152653,dealer
https://www.bilbasen.dk/brugt/bil/bmw/i3/bev-5d/6147230,dealer
https://www.bilbasen.dk/brugt/bil/kia/ev6/77-long-range-upgrade-5d/6150611,dealer
https://www.bilbasen.dk/brugt/bil/tesla/model-x/100d-7prs-5d/6157738,dealer
https://www.bilbasen.dk/brugt/bil/bmw/ix3/charged-plus-m-sport-5d/6100732,dealer
https://www.bilbasen.dk/brugt/bil/audi/e-tron/55-advanced-quattro-5d/6060252,dealer
https://www.bilbasen.dk/brugt/bil/skoda/enyaq/80-iv-plus-suite-5d/6128457,dealer
https://www.bilbasen.dk/brugt/bil/tesla/model-3/long-range-awd-4d/6145090,dealer
https://www.bilbasen.dk/brugt/bil/vw/id4/pro-performance-1st-max-5d/6149962,dealer
https://www.bilbasen.dk/brugt/bil/mini/cooper-se/essential-3d/6126665,dealer
https://www.bilbasen.dk/brugt/bil/polestar/2/performance-awd-5d/6140424,dealer
https://www.bilbasen.dk/brugt/bil/audi/e-tron/55-quattro-5d/6115039,dealer
https://www.bilbasen.dk/brugt/bil/tesla/model-3/performance-awd-4d/6118743,dealer
https://www.bilbasen.dk/brugt/bil/kia/ev6/77-long-range-5d/6117515,dealer
https://www.bilbasen.dk/brugt/bil/vw/id4/pro-performance-5d/6151554,dealer
https://www.bilbasen.dk/brugt/bil/vw/id4/1st-max-5d/6083872,dealer
https://www.bilbasen.dk/brugt/bil/vw/id3/pro-performance-1st-max-5d/6002343,dealer
https://www.bilbasen.dk/brugt/bil/skoda/citigo-e/iv-5d/6123642,dealer
https://www.bilbasen.dk/brugt/bil/mercedes/eqc400/amg-line-4matic-5d/6146203,dealer
https://www.bilbasen.dk/brugt/bil/hyundai/kona/64-ev-essential-5d/6058313,dealer
https://www.bilbasen.dk/brugt/bil/audi/e-tron/55-advanced-quattro-5d/6142005,dealer
https://www.bilbasen.dk/brugt/bil/cupra/born/77-e-boost-5d/6149844,dealer
https://www.bilbasen.dk/brugt/bil/nissan/leaf/40-n-connecta-5d/6145867,dealer
https://www.bilbasen.dk/brugt/bil/hyundai/ioniq/ev-style-5d/6148878,dealer
https://www.bilbasen.dk/brugt/bil/vw/e-golf-vii/5d/5845101,dealer
https://www.bilbasen.dk/brugt/bil/volvo/xc40/p8-recharge-pro-5d/6151156,dealer
https://www.bilbasen.dk/brugt/bil/tesla/model-x/long-range-awd-5d/6118666,dealer
https://www.bilbasen.dk/brugt/bil/kia/e-niro/64-advance-5d/6155289,dealer
https://www.bilbasen.dk/brugt/bil/tesla/model-3/long-range-awd-4d/6134502,dealer
https://www.bilbasen.dk/brugt/bil/tesla/model-x/p100d-ludicrous-6prs-5d/6070950,dealer
https://www.bilbasen.dk/brugt/bil/tesla/model-s/p100d-ludicrous-5d/6097323,dealer
https://www.bilbasen.dk/brugt/bil/peugeot/e-208/50-active-pack-5d/6120466,dealer
https://www.bilbasen.dk/brugt/bil/vw/id4/pro-performance-5d/6156404,dealer
https://www.bilbasen.dk/brugt/bil/vw/id3/pro-performance-life-5d/6147777,dealer
https://www.bilbasen.dk/brugt/bil/hyundai/kona/64-ev-advanced-5d/6156302,dealer
https://www.bilbasen.dk/brugt/bil/bmw/i3/charged-plus-5d/5871572,dealer
https://www.bilbasen.dk/brugt/bil/hyundai/ioniq/ev-trend-5d/6106946,dealer
https://www.bilbasen.dk/brugt/bil/audi/e-tron/50-advanced-quattro-5d/5799106,dealer
https://www.bilbasen.dk/brugt/bil/renault/zoe/52-intens-5d/6138408,dealer
https://www.bilbasen.dk/brugt/bil/vw/e-golf-vii/5d/6135014,dealer
https://www.bilbasen.dk/brugt/bil/kia/e-niro/64-advance-5d/5927342,dealer
https://www.bilbasen.dk/brugt/bil/polestar/2/long-range-5d/6115920,dealer
https://www.bilbasen.dk/brugt/bil/vw/id4/gtx-4motion-5d/6143283,dealer
https://www.bilbasen.dk/brugt/bil/vw/id3/max-5d/6135510,dealer
https://www.bilbasen.dk/brugt/bil/nissan/leaf/40-tekna-5d/6125143,dealer
https://www.bilbasen.dk/brugt/bil/bmw/ix3/charged-m-sport-5d/6044947,dealer
https://www.bilbasen.dk/brugt/bil/tesla/model-3/performance-awd-4d/6158357,dealer
https://www.bilbasen.dk/brugt/bil/kia/ev6/77-long-range-upgrade-5d/6149148,dealer
https://www.bilbasen.dk/brugt/bil/tesla/model-3/long-range-awd-4d/6149803,dealer
https://www.bilbasen.dk/brugt/bil/polestar/2/long-range-awd-5d/6121289,dealer
https://www.bilbasen.dk/brugt/bil/skoda/enyaq/iv-rs-coup-5d/6151950,dealer
https://www.bilbasen.dk/brugt/bil/vw/id3/pro-performance-tech-5d/6143404,dealer
https://www.bilbasen.dk/brugt/bil/audi/e-tron/50-advanced-quattro-5d/6075095,dealer
https://www.bilbasen.dk/brugt/bil/kia/ev6/77-long-range-upgrade-5d/6130415,dealer
https://www.bilbasen.dk/brugt/bil/porsche/taycan-4/performance-cross-turismo-5d/6113907,dealer
https://www.bilbasen.dk/brugt/bil/hyundai/kona/64-ev-premium-5d/6152645,dealer
https://www.bilbasen.dk/brugt/bil/tesla/model-3/long-range-awd-4d/6141673,dealer
https://www.bilbasen.dk/brugt/bil/tesla/model-3/performance-awd-4d/5950160,dealer
https://www.bilbasen.dk/brugt/bil/vw/id3/1st-plus-5d/6147164,dealer
https://www.bilbasen.dk/brugt/bil/tesla/model-x/100d-5d/6113990,dealer
https://www.bilbasen.dk/brugt/bil/skoda/enyaq/80-iv-suite-5d/6143643,dealer
https://www.bilbasen.dk/brugt/bil/vw/id3/pro-performance-5d/6129563,dealer
https://www.bilbasen.dk/brugt/bil/kia/soul/30-advance-5d/6110745,dealer
https://www.bilbasen.dk/brugt/bil/vw/id3/pro-performance-life-5d/6149335,dealer
https://www.bilbasen.dk/brugt/bil/mercedes/eqa350/amg-line-4matic-5d/6124227,dealer
https://www.bilbasen.dk/brugt/bil/vw/e-up/high-up-5d/6064558,dealer
https://www.bilbasen.dk/brugt/bil/vw/id4/pro-performance-5d/6149020,dealer
https://www.bilbasen.dk/brugt/bil/tesla/model-x/long-range-awd-5d/6131434,dealer
https://www.bilbasen.dk/brugt/bil/bmw/i3s/bev-5d/5915033,dealer
https://www.bilbasen.dk/brugt/bil/kia/e-soul/64-advance-5d/6145585,dealer
https://www.bilbasen.dk/brugt/bil/bmw/i3/bev-5d/6116614,dealer
https://www.bilbasen.dk/brugt/bil/bmw/i3/bev-5d/5192363,dealer
https://www.bilbasen.dk/brugt/bil/skoda/enyaq/80-iv-sportline-5d/6049908,dealer
https://www.bilbasen.dk/brugt/bil/vw/id3/pro-s-tour-5d/6127828,dealer
https://www.bilbasen.dk/brugt/bil/kia/e-niro/64-comfort-5d/5994840,dealer
https://www.bilbasen.dk/brugt/bil/vw/id3/pro-5d/6158479,dealer
https://www.bilbasen.dk/brugt/bil/peugeot/e-208/50-gt-line-5d/6136716,dealer
https://www.bilbasen.dk/brugt/bil/vw/id3/pro-performance-tech-5d/6139039,dealer
https://www.bilbasen.dk/brugt/bil/audi/q4-e-tron/40-5d/6056531,dealer
https://www.bilbasen.dk/brugt/bil/audi/e-tron/55-prestige-quattro-5d/6104619,dealer
https://www.bilbasen.dk/brugt/bil/bmw/i4/edrive40-m-sport-5d/6074096,dealer
https://www.bilbasen.dk/brugt/bil/vw/id4/pro-performance-1st-5d/6138354,dealer
https://www.bilbasen.dk/brugt/bil/vw/e-golf-vii/5d/6153431,dealer
https://www.bilbasen.dk/brugt/bil/bmw/i4/m50-fully-charged-xdrive-5d/6114057,dealer
https://www.bilbasen.dk/brugt/bil/skoda/enyaq/80-iv-ecosuite-5d/6119969,dealer
https://www.bilbasen.dk/brugt/bil/vw/id3/life-5d/6122042,dealer
https://www.bilbasen.dk/brugt/bil/hyundai/kona/64-ev-essential-5d/6143197,dealer
https://www.bilbasen.dk/brugt/bil/bmw/i3s/charged-professional-5d/6095930,dealer
https://www.bilbasen.dk/brugt/bil/tesla/model-3/performance-awd-4d/6137434,dealer
https://www.bilbasen.dk/brugt/bil/kia/ev6/77-long-range-gt-line-5d/6152771,dealer
https://www.bilbasen.dk/brugt/bil/tesla/model-3/standard-range-rwd-4d/6086310,dealer
https://www.bilbasen.dk/brugt/bil/jaguar/i-pace/ev400-s-awd-5d/6113640,dealer
https://www.bilbasen.dk/brugt/bil/tesla/model-3/performance-awd-4d/6074177,dealer
https://www.bilbasen.dk/brugt/bil/audi/e-tron/55-s-line-quattro-5d/6114309,dealer
https://www.bilbasen.dk/brugt/bil/tesla/model-s/p90d-ludicrous-5d/6121775,dealer
https://www.bilbasen.dk/brugt/bil/kia/ev6/77-long-range-upgrade-5d/6135945,dealer
https://www.bilbasen.dk/brugt/bil/vw/id4/pro-performance-1st-5d/6031396,dealer
https://www.bilbasen.dk/brugt/bil/tesla/model-3/standard-range-rwd-4d/6149199,dealer
https://www.bilbasen.dk/brugt/bil/vw/id3/pro-performance-1st-5d/6148702,dealer
https://www.bilbasen.dk/brugt/bil/bmw/i3/bev-5d/6116017,dealer
https://www.bilbasen.dk/brugt/bil/tesla/model-3/long-range-awd-4d/6118203,dealer
https://www.bilbasen.dk/brugt/bil/vw/e-up/5d/6143958,dealer
https://www.bilbasen.dk/brugt/bil/peugeot/e-208/50-gt-line-5d/6127304,dealer
https://www.bilbasen.dk/brugt/bil/hyundai/ioniq/ev-style-5d/5589255,dealer
https://www.bilbasen.dk/brugt/bil/volvo/xc40/p6-recharge-pro-5d/6151559,dealer
https://www.bilbasen.dk/brugt/bil/audi/e-tron/55-s-line-quattro-5d/6135580,dealer
https://www.bilbasen.dk/brugt/bil/vw/id3/pro-performance-1st-max-5d/6143753,dealer
https://www.bilbasen.dk/brugt/bil/audi/e-tron/55-advanced-quattro-5d/6132305,dealer
https://www.bilbasen.dk/brugt/bil/vw/id4/family-performance-5d/6135176,dealer
https://www.bilbasen.dk/brugt/bil/tesla/model-3/standard-range-rwd-4d/6145765,dealer
https://www.bilbasen.dk/brugt/bil/nissan/leaf/40-tekna-5d/6087013,dealer
https://www.bilbasen.dk/brugt/bil/bmw/i3/executive-edition-5d/6049191,dealer
https://www.bilbasen.dk/brugt/bil/tesla/model-3/standard-range-rwd-4d/6157438,dealer
https://www.bilbasen.dk/brugt/bil/vw/id3/pro-performance-tech-5d/6152469,dealer
https://www.bilbasen.dk/brugt/bil/tesla/model-3/standard-range-rwd-4d/6115057,dealer
https://www.bilbasen.dk/brugt/bil/audi/e-tron/55-advanced-quattro-5d/6028957,dealer
https://www.bilbasen.dk/brugt/bil/vw/id4/pro-performance-1st-max-5d/6113992,dealer
https://www.bilbasen.dk/brugt/bil/audi/e-tron/55-advanced-prestige-quattro-5d/5920925,dealer
https://www.bilbasen.dk/brugt/bil/hyundai/kona/64-ev-essential-5d/6139502,dealer
https://www.bilbasen.dk/brugt/bil/nissan/leaf/24-acenta-5d/6151707,dealer
https://www.bilbasen.dk/brugt/bil/tesla/model-3/long-range-awd-4d/6117492,dealer
https://www.bilbasen.dk/brugt/bil/hyundai/kona/64-ev-premium-5d/6081462,dealer
https://www.bilbasen.dk/brugt/bil/bmw/i3/charged-plus-5d/6132190,dealer
https://www.bilbasen.dk/brugt/bil/audi/e-tron/55-s-line-sportback-quattro-5d/6117510,dealer
https://www.bilbasen.dk/brugt/bil/tesla/model-x/100d-5d/6114424,dealer
https://www.bilbasen.dk/brugt/bil/vw/id4/pro-performance-5d/6052445,dealer
https://www.bilbasen.dk/brugt/bil/kia/e-niro/64-advance-5d/6112830,dealer
https://www.bilbasen.dk/brugt/bil/mercedes/eqc400/edition-1886-4matic-5d/6062324,dealer
https://www.bilbasen.dk/brugt/bil/vw/id3/pro-performance-tech-5d/6152991,dealer
https://www.bilbasen.dk/brugt/bil/tesla/model-3/long-range-awd-4d/6141122,dealer
https://www.bilbasen.dk/brugt/bil/tesla/model-x/long-range-awd-5d/6134703,dealer
https://www.bilbasen.dk/brugt/bil/vw/id4/pro-performance-1st-max-5d/6118807,dealer
https://www.bilbasen.dk/brugt/bil/polestar/2/long-range-5d/6106325,dealer
https://www.bilbasen.dk/brugt/bil/tesla/model-3/standard-range-rwd-4d/6092674,dealer
https://www.bilbasen.dk/brugt/bil/volvo/xc40/p8-recharge-plus-5d/6086527,dealer
https://www.bilbasen.dk/brugt/bil/hyundai/ioniq/ev-premium-5d/6133289,dealer
https://www.bilbasen.dk/brugt/bil/tesla/model-3/performance-awd-4d/6147507,dealer
https://www.bilbasen.dk/brugt/bil/nissan/e-nv200/40-evalia-4d/5971261,dealer
https://www.bilbasen.dk/brugt/bil/nissan/leaf/40-acenta-5d/5902694,dealer
https://www.bilbasen.dk/brugt/bil/vw/e-up/high-up-5d/6110639,dealer
https://www.bilbasen.dk/brugt/bil/porsche/taycan-4s/4d/5830090,dealer
https://www.bilbasen.dk/brugt/bil/polestar/2/long-range-awd-5d/6068902,dealer
https://www.bilbasen.dk/brugt/bil/volvo/xc40/recharge-extended-range-core-5d/6152599,dealer
https://www.bilbasen.dk/brugt/bil/vw/id4/pro-performance-1st-max-5d/6156248,dealer
https://www.bilbasen.dk/brugt/bil/vw/id3/pro-performance-5d/6102763,dealer
https://www.bilbasen.dk/brugt/bil/tesla/model-3/standard-range-rwd-4d/6149736,dealer
https://www.bilbasen.dk/brugt/bil/bmw/ix3/charged-plus-5d/6155343,dealer
https://www.bilbasen.dk/brugt/bil/bmw/i3/bev-5d/6076201,dealer
https://www.bilbasen.dk/brugt/bil/bmw/i4/m50-charged-plus-xdrive-5d/6147225,dealer
https://www.bilbasen.dk/brugt/bil/skoda/enyaq/80-iv-sportline-5d/6129327,dealer
https://www.bilbasen.dk/brugt/bil/tesla/model-s/75d-5d/6108815,dealer
https://www.bilbasen.dk/brugt/bil/mercedes/eqc400/amg-line-4matic-5d/6140265,dealer
https://www.bilbasen.dk/brugt/bil/skoda/enyaq/80-iv-plus-first-edition-5d/6155988,dealer
https://www.bilbasen.dk/brugt/bil/audi/e-tron/55-s-line-quattro-5d/6153871,dealer
https://www.bilbasen.dk/brugt/bil/mazda/mx-30/e-skyactiv-skyplus-5d/6079285,dealer
https://www.bilbasen.dk/brugt/bil/bmw/i3/charged-5d/6091539,dealer
https://www.bilbasen.dk/brugt/bil/bmw/i3/charged-plus-5d/5892960,dealer
https://www.bilbasen.dk/brugt/bil/tesla/model-3/rwd-4d/6140316,dealer
https://www.bilbasen.dk/brugt/bil/tesla/model-s/100d-5d/6076276,dealer
https://www.bilbasen.dk/brugt/bil/tesla/model-3/long-range-awd-4d/6125645,dealer
https://www.bilbasen.dk/brugt/bil/peugeot/e-208/50-active-pack-5d/6127683,dealer
https://www.bilbasen.dk/brugt/bil/nissan/leaf/30-visia-5d/6019465,dealer
https://www.bilbasen.dk/brugt/bil/nissan/leaf/40-n-connecta-5d/5796374,dealer
https://www.bilbasen.dk/brugt/bil/audi/q4-e-tron/40-5d/6097688,dealer
https://www.bilbasen.dk/brugt/bil/audi/q4-e-tron/40-advanced-5d/6148132,dealer
https://www.bilbasen.dk/brugt/bil/tesla/model-y/long-range-awd-5d/6154878,dealer
https://www.bilbasen.dk/brugt/bil/tesla/model-3/standard-range-rwd-4d/6144079,dealer
https://www.bilbasen.dk/brugt/bil/tesla/model-y/long-range-awd-5d/6157877,dealer
https://www.bilbasen.dk/brugt/bil/kia/e-niro/64-advance-5d/6146511,dealer
https://www.bilbasen.dk/brugt/bil/vw/id3/pro-performance-business-5d/6130881,dealer
https://www.bilbasen.dk/brugt/bil/nissan/leaf/40-tekna-5d/6150913,dealer
https://www.bilbasen.dk/brugt/bil/hyundai/kona/64-ev-premium-5d/5969981,dealer
https://www.bilbasen.dk/brugt/bil/kia/e-niro/64-premium-5d/6102111,dealer
https://www.bilbasen.dk/brugt/bil/tesla/model-3/long-range-awd-4d/6145709,dealer
https://www.bilbasen.dk/brugt/bil/audi/q4-e-tron/50-quattro-5d/6111696,dealer
https://www.bilbasen.dk/brugt/bil/tesla/model-3/performance-awd-4d/6007562,dealer
https://www.bilbasen.dk/brugt/bil/tesla/model-3/standard-range-rwd-4d/6154517,dealer
https://www.bilbasen.dk/brugt/bil/tesla/model-s/75d-5d/6096958,dealer
https://www.bilbasen.dk/brugt/bil/tesla/model-3/standard-range-rwd-4d/6157395,dealer
https://www.bilbasen.dk/brugt/bil/jaguar/i-pace/ev400-s-awd-5d/5952339,dealer
https://www.bilbasen.dk/brugt/bil/skoda/enyaq/80-iv-selection-suite-5d/6155864,dealer
https://www.bilbasen.dk/brugt/bil/tesla/model-s/p85d-ludicrous-5d/6130423,dealer
https://www.bilbasen.dk/brugt/bil/vw/id4/pro-performance-5d/6152803,dealer
https://www.bilbasen.dk/brugt/bil/opel/mokka-e/50-ultimate-5d/6127078,dealer
https://www.bilbasen.dk/brugt/bil/tesla/model-3/long-range-awd-4d/6151231,dealer
https://www.bilbasen.dk/brugt/bil/kia/e-niro/64-premium-5d/6156754,dealer
https://www.bilbasen.dk/brugt/bil/tesla/model-3/long-range-awd-4d/6095542,dealer
https://www.bilbasen.dk/brugt/bil/tesla/model-3/performance-awd-4d/6147249,dealer
https://www.bilbasen.dk/brugt/bil/audi/e-tron/55-advanced-prestige-quattro-5d/6108160,dealer
https://www.bilbasen.dk/brugt/bil/kia/e-niro/64-advance-5d/5807044,dealer
https://www.bilbasen.dk/brugt/bil/audi/e-tron/55-advanced-quattro-5d/6143750,dealer
https://www.bilbasen.dk/brugt/bil/tesla/model-3/long-range-awd-4d/6154120,dealer
https://www.bilbasen.dk/brugt/bil/audi/e-tron/55-s-line-quattro-5d/6110753,dealer
https://www.bilbasen.dk/brugt/bil/bmw/ix3/charged-plus-5d/6157514,dealer
https://www.bilbasen.dk/brugt/bil/vw/id4/gtx-4motion-5d/6143305,dealer
https://www.bilbasen.dk/brugt/bil/tesla/model-3/long-range-awd-4d/6156438,dealer
https://www.bilbasen.dk/brugt/bil/skoda/enyaq/80-iv-ecosuite-5d/6119986,dealer
https://www.bilbasen.dk/brugt/bil/tesla/model-3/rwd-4d/6125552,dealer
https://www.bilbasen.dk/brugt/bil/nissan/leaf/40-2zero-5d/6146934,dealer
https://www.bilbasen.dk/brugt/bil/kia/e-niro/64-comfort-5d/6157924,dealer
https://www.bilbasen.dk/brugt/bil/bmw/ix3/charged-5d/6019587,dealer
https://www.bilbasen.dk/brugt/bil/vw/e-up/high-up-5d/6137970,dealer
https://www.bilbasen.dk/brugt/bil/nissan/leaf/40-tekna-5d/6157730,dealer
https://www.bilbasen.dk/brugt/bil/tesla/model-3/long-range-awd-4d/6049245,dealer
https://www.bilbasen.dk/brugt/bil/skoda/enyaq/80-iv-plus-5d/6141811,dealer
https://www.bilbasen.dk/brugt/bil/tesla/model-3/long-range-awd-4d/6158456,dealer
https://www.bilbasen.dk/brugt/bil/bmw/ix3/charged-plus-5d/6128313,dealer
https://www.bilbasen.dk/brugt/bil/tesla/model-s/p100d-ludicrous-5d/6062233,dealer
https://www.bilbasen.dk/brugt/bil/vw/id4/1st-max-5d/6104805,dealer
https://www.bilbasen.dk/brugt/bil/citron/-c4/50-live-free-5d/6108350,dealer
https://www.bilbasen.dk/brugt/bil/hyundai/kona/64-ev-essential-5d/6150575,dealer
https://www.bilbasen.dk/brugt/bil/tesla/model-3/standard-range-rwd-4d/6142010,dealer
https://www.bilbasen.dk/brugt/bil/vw/id3/pro-performance-5d/6108274,dealer
https://www.bilbasen.dk/brugt/bil/tesla/model-3/performance-awd-4d/6157074,dealer
https://www.bilbasen.dk/brugt/bil/mini/cooper-se/maximise-3d/6133600,dealer
https://www.bilbasen.dk/brugt/bil/audi/e-tron/55-s-line-sportback-quattro-5d/6104165,dealer
https://www.bilbasen.dk/brugt/bil/audi/e-tron/55-quattro-5d/6100748,dealer
https://www.bilbasen.dk/brugt/bil/tesla/model-3/performance-awd-4d/5908213,dealer
https://www.bilbasen.dk/brugt/bil/bmw/i3s/charged-professional-5d/6158201,dealer
https://www.bilbasen.dk/brugt/bil/skoda/enyaq/80-iv-plus-suite-5d/6147157,dealer
https://www.bilbasen.dk/brugt/bil/polestar/2/long-range-awd-5d/6067677,dealer
https://www.bilbasen.dk/brugt/bil/polestar/2/long-range-awd-5d/5332337,dealer
https://www.bilbasen.dk/brugt/bil/audi/q4-e-tron/40-attitude-5d/6141755,dealer
https://www.bilbasen.dk/brugt/bil/renault/zoe/41-intens-5d/5984995,dealer
https://www.bilbasen.dk/brugt/bil/skoda/enyaq/80-iv-plus-first-edition-5d/6129229,dealer
https://www.bilbasen.dk/brugt/bil/vw/id3/pro-s-tour-5d/6139040,dealer
https://www.bilbasen.dk/brugt/bil/hyundai/ioniq/ev-trend-5d/5982866,dealer
https://www.bilbasen.dk/brugt/bil/mercedes/eqa250/5d/6045249,dealer
https://www.bilbasen.dk/brugt/bil/vw/id3/1st-5d/6147017,dealer
https://www.bilbasen.dk/brugt/bil/kia/e-niro/64-advance-5d/6146488,dealer
https://www.bilbasen.dk/brugt/bil/vw/id4/pro-performance-1st-5d/6072392,dealer
https://www.bilbasen.dk/brugt/bil/vw/id3/pro-s-tour-5d/6122073,dealer
https://www.bilbasen.dk/brugt/bil/mercedes/eqa250/amg-line-5d/6141922,dealer
https://www.bilbasen.dk/brugt/bil/skoda/enyaq/80-iv-plus-suite-5d/6154988,dealer
https://www.bilbasen.dk/brugt/bil/audi/q4-e-tron/40-attitude-5d/6143709,dealer
https://www.bilbasen.dk/brugt/bil/mercedes/eqa300/amg-line-4matic-5d/6066429,dealer
https://www.bilbasen.dk/brugt/bil/audi/e-tron/55-advanced-prestige-quattro-5d/6156944,dealer
https://www.bilbasen.dk/brugt/bil/hyundai/ioniq/ev-premium-5d/6152647,dealer
https://www.bilbasen.dk/brugt/bil/mercedes/eqc400/edition-1886-4matic-5d/5999788,dealer
https://www.bilbasen.dk/brugt/bil/peugeot/e-2008/50-gt-line-5d/6138958,dealer
https://www.bilbasen.dk/brugt/bil/vw/e-golf-vii/unlimited-5d/6148440,dealer
https://www.bilbasen.dk/brugt/bil/skoda/enyaq/80-iv-sportline-5d/6145310,dealer
https://www.bilbasen.dk/brugt/bil/audi/e-tron/50-s-line-quattro-5d/6023741,dealer
https://www.bilbasen.dk/brugt/bil/mercedes/eqa250/amg-line-5d/6151730,dealer
https://www.bilbasen.dk/brugt/bil/tesla/model-3/long-range-awd-4d/6014631,dealer
https://www.bilbasen.dk/brugt/bil/tesla/model-3/standard-range-rwd-4d/6149944,dealer
https://www.bilbasen.dk/brugt/bil/audi/e-tron/55-prestige-quattro-5d/6134718,dealer
https://www.bilbasen.dk/brugt/bil/tesla/model-s/75d-5d/5958210,dealer
https://www.bilbasen.dk/brugt/bil/tesla/model-s/70d-5d/5679037,dealer
https://www.bilbasen.dk/brugt/bil/volvo/xc40/p8-recharge-pro-5d/6128668,dealer
https://www.bilbasen.dk/brugt/bil/polestar/2/long-range-awd-5d/6150475,dealer
https://www.bilbasen.dk/brugt/bil/volvo/xc40/p8-recharge-r-design-5d/6153663,dealer
https://www.bilbasen.dk/brugt/bil/bmw/i3s/charged-professional-5d/6139300,dealer
https://www.bilbasen.dk/brugt/bil/tesla/model-3/long-range-awd-4d/6154556,dealer
https://www.bilbasen.dk/brugt/bil/vw/e-golf-vii/unlimited-5d/6143169,dealer
https://www.bilbasen.dk/brugt/bil/tesla/model-3/standard-range-rwd-4d/6119966,dealer
https://www.bilbasen.dk/brugt/bil/nissan/leaf/40-2zero-5d/6012994,dealer
https://www.bilbasen.dk/brugt/bil/hyundai/kona/64-ev-premium-5d/5946529,dealer
https://www.bilbasen.dk/brugt/bil/tesla/model-s/100d-5d/6090826,dealer
https://www.bilbasen.dk/brugt/bil/bmw/i3/grey-edition-5d/5979810,dealer
https://www.bilbasen.dk/brugt/bil/tesla/model-s/p85-5d/6083555,dealer
https://www.bilbasen.dk/brugt/bil/tesla/model-3/long-range-awd-4d/6134902,dealer
https://www.bilbasen.dk/brugt/bil/audi/q4-e-tron/40-attitude-5d/6123899,dealer
https://www.bilbasen.dk/brugt/bil/fiat/500e/la-prima-cabrio-2d/6099958,dealer
https://www.bilbasen.dk/brugt/bil/renault/zoe/41-intens-5d/6139984,dealer
https://www.bilbasen.dk/brugt/bil/tesla/model-3/performance-awd-4d/6112167,dealer
https://www.bilbasen.dk/brugt/bil/audi/q4-e-tron/40-5d/6156557,dealer
https://www.bilbasen.dk/brugt/bil/mercedes/eqc400/amg-line-4matic-5d/6155472,dealer
https://www.bilbasen.dk/brugt/bil/tesla/model-s/100d-5d/6068851,dealer
https://www.bilbasen.dk/brugt/bil/audi/e-tron/55-advanced-quattro-5d/6115008,dealer
https://www.bilbasen.dk/brugt/bil/peugeot/e-208/50-allure-5d/6148059,dealer
https://www.bilbasen.dk/brugt/bil/vw/e-golf-vii/5d/6051996,dealer
https://www.bilbasen.dk/brugt/bil/polestar/2/long-range-5d/6131607,dealer
https://www.bilbasen.dk/brugt/bil/tesla/model-3/long-range-rwd-4d/5950720,dealer
https://www.bilbasen.dk/brugt/bil/vw/id4/pro-performance-5d/6104270,dealer
https://www.bilbasen.dk/brugt/bil/bmw/i3/rex-5d/6069459,dealer
https://www.bilbasen.dk/brugt/bil/polestar/2/performance-awd-5d/6133045,dealer
https://www.bilbasen.dk/brugt/bil/vw/e-golf-vii/5d/5968390,dealer
https://www.bilbasen.dk/brugt/bil/tesla/model-3/performance-awd-4d/6069327,dealer
https://www.bilbasen.dk/brugt/bil/nissan/leaf/40-n-connecta-5d/6079022,dealer
https://www.bilbasen.dk/brugt/bil/mini/cooper-se/essential-3d/6123634,dealer
https://www.bilbasen.dk/brugt/bil/skoda/enyaq/80-iv-suite-5d/6131997,dealer
https://www.bilbasen.dk/brugt/bil/polestar/2/long-range-5d/6140391,dealer
https://www.bilbasen.dk/brugt/bil/mercedes/eqc400/amg-line-4matic-5d/6124288,dealer
https://www.bilbasen.dk/brugt/bil/kia/soul/30-advance-5d/5968874,dealer
https://www.bilbasen.dk/brugt/bil/skoda/citigo-e/iv-style-5d/6111910,dealer
https://www.bilbasen.dk/brugt/bil/mini/cooper-se/3d/6099161,dealer
https://www.bilbasen.dk/brugt/bil/tesla/model-x/ludicrous-performance-awd-5d/6099795,dealer
https://www.bilbasen.dk/brugt/bil/skoda/enyaq/80-iv-ecosuite-5d/6141900,dealer
https://www.bilbasen.dk/brugt/bil/tesla/model-s/p85d-7prs-5d/5940128,dealer
https://www.bilbasen.dk/brugt/bil/mini/cooper-se/3d/6103863,dealer
https://www.bilbasen.dk/brugt/bil/kia/soul/30-advance-5d/6129992,dealer
https://www.bilbasen.dk/brugt/bil/mercedes/eqc400/amg-line-4matic-5d/6126828,dealer
https://www.bilbasen.dk/brugt/bil/vw/e-golf-vii/comfortline-5d/6104077,dealer
https://www.bilbasen.dk/brugt/bil/fiat/500e/icon-3d/6153233,dealer
https://www.bilbasen.dk/brugt/bil/skoda/enyaq/80-iv-suite-5d/6142552,dealer
https://www.bilbasen.dk/brugt/bil/kia/e-niro/64-comfort-5d/6127571,dealer
https://www.bilbasen.dk/brugt/bil/tesla/model-s/85d-5d/6139456,dealer
https://www.bilbasen.dk/brugt/bil/mercedes/eqa250/progressive-5d/6089442,dealer
https://www.bilbasen.dk/brugt/bil/bmw/ix3/charged-plus-5d/6108773,dealer
https://www.bilbasen.dk/brugt/bil/tesla/model-s/long-range-awd-5d/6154758,dealer
https://www.bilbasen.dk/brugt/bil/tesla/model-s/90d-5d/5654265,dealer
https://www.bilbasen.dk/brugt/bil/tesla/model-s/p85-5d/6085801,dealer
https://www.bilbasen.dk/brugt/bil/peugeot/e-208/50-active-pack-5d/6133401,dealer
https://www.bilbasen.dk/brugt/bil/polestar/2/long-range-5d/6141369,dealer
https://www.bilbasen.dk/brugt/bil/vw/id4/1st-max-5d/6137873,dealer
https://www.bilbasen.dk/brugt/bil/mercedes/eqc400/amg-line-4matic-5d/6128586,dealer
https://www.bilbasen.dk/brugt/bil/tesla/model-3/standard-range-rwd-4d/6076515,dealer
https://www.bilbasen.dk/brugt/bil/vw/id3/pro-performance-1st-max-5d/6133071,dealer
https://www.bilbasen.dk/brugt/bil/polestar/2/long-range-awd-5d/6127320,dealer
https://www.bilbasen.dk/brugt/bil/skoda/enyaq/80-iv-plus-high-ii-5d/6108075,dealer
https://www.bilbasen.dk/brugt/bil/audi/q4-e-tron/40-attitude-s-line-5d/6156297,dealer
https://www.bilbasen.dk/brugt/bil/vw/e-golf-vii/5d/6083117,dealer
https://www.bilbasen.dk/brugt/bil/skoda/enyaq/80-iv-suite-5d/6135834,dealer
https://www.bilbasen.dk/brugt/bil/kia/ev6/77-long-range-performance-upgrade-awd-5d/6150638,dealer
https://www.bilbasen.dk/brugt/bil/tesla/model-3/long-range-awd-4d/6104284,dealer
https://www.bilbasen.dk/brugt/bil/skoda/enyaq/80-iv-5d/6152191,dealer
https://www.bilbasen.dk/brugt/bil/polestar/2/long-range-awd-5d/6017170,dealer
https://www.bilbasen.dk/brugt/bil/tesla/model-3/long-range-awd-4d/6153976,dealer
https://www.bilbasen.dk/brugt/bil/citron/-c4/50-shine-5d/6154483,dealer
https://www.bilbasen.dk/brugt/bil/skoda/enyaq/60-iv-loft-5d/6130746,dealer
https://www.bilbasen.dk/brugt/bil/vw/e-golf-vii/5d/6142529,dealer
https://www.bilbasen.dk/brugt/bil/tesla/model-3/standard-range-rwd-4d/6108400,dealer
https://www.bilbasen.dk/brugt/bil/vw/id4/pro-performance-1st-5d/6154799,dealer
https://www.bilbasen.dk/brugt/bil/vw/id3/pro-performance-style-5d/6155448,dealer
https://www.bilbasen.dk/brugt/bil/mercedes/eqe350/amg-line-4d/5996238,dealer
https://www.bilbasen.dk/brugt/bil/skoda/enyaq/80-iv-plus-5d/6029131,dealer
https://www.bilbasen.dk/brugt/bil/vw/id4/pro-performance-1st-max-5d/6153071,dealer
https://www.bilbasen.dk/brugt/bil/skoda/enyaq/80-iv-suite-5d/6154847,dealer
https://www.bilbasen.dk/brugt/bil/vw/e-golf-vii/5d/6088888,dealer
https://www.bilbasen.dk/brugt/bil/vw/id3/pro-performance-5d/6127819,dealer
https://www.bilbasen.dk/brugt/bil/mg/zs/ev-comfort-5d/6015921,dealer
https://www.bilbasen.dk/brugt/bil/kia/e-niro/64-premium-5d/6102110,dealer
https://www.bilbasen.dk/brugt/bil/tesla/model-y/long-range-awd-5d/6143182,dealer
https://www.bilbasen.dk/brugt/bil/bmw/i3/charged-5d/6157113,dealer
https://www.bilbasen.dk/brugt/bil/vw/id4/1st-max-5d/6144535,dealer
https://www.bilbasen.dk/brugt/bil/seat/mii/electric-5d/6139473,dealer
https://www.bilbasen.dk/brugt/bil/vw/id4/pro-performance-1st-5d/6142069,dealer
https://www.bilbasen.dk/brugt/bil/bmw/ix3/charged-5d/6156890,dealer
https://www.bilbasen.dk/brugt/bil/vw/id3/pro-performance-life-5d/6154510,dealer
https://www.bilbasen.dk/brugt/bil/vw/id4/1st-max-5d/6110736,dealer
https://www.bilbasen.dk/brugt/bil/tesla/model-3/performance-awd-4d/6158123,dealer
https://www.bilbasen.dk/brugt/bil/vw/e-golf-vii/5d/6128020,dealer
https://www.bilbasen.dk/brugt/bil/hyundai/ioniq/ev-premium-5d/6062109,dealer
https://www.bilbasen.dk/brugt/bil/audi/e-tron/55-advanced-quattro-5d/6151888,dealer
https://www.bilbasen.dk/brugt/bil/polestar/2/long-range-5d/6112155,dealer
https://www.bilbasen.dk/brugt/bil/tesla/model-s/ludicrous-performance-awd-5d/6145877,dealer
https://www.bilbasen.dk/brugt/bil/mini/cooper-se/3d/6149914,dealer
https://www.bilbasen.dk/brugt/bil/vw/id4/pro-performance-1st-max-5d/6159061,dealer
https://www.bilbasen.dk/brugt/bil/volvo/xc40/p8-recharge-r-design-5d/6144949,dealer
https://www.bilbasen.dk/brugt/bil/tesla/model-3/long-range-awd-4d/6140538,dealer
https://www.bilbasen.dk/brugt/bil/tesla/model-3/long-range-awd-4d/6126406,dealer
https://www.bilbasen.dk/brugt/bil/mg/zs/ev-comfort-5d/6071067,dealer
https://www.bilbasen.dk/brugt/bil/hyundai/kona/64-ev-premium-5d/5986912,dealer
https://www.bilbasen.dk/brugt/bil/vw/e-golf-vii/5d/6108017,dealer
https://www.bilbasen.dk/brugt/bil/polestar/2/long-range-awd-5d/6100715,dealer
https://www.bilbasen.dk/brugt/bil/vw/id4/pro-performance-max-5d/6150993,dealer
https://www.bilbasen.dk/brugt/bil/kia/e-niro/64-premium-5d/6157131,dealer
https://www.bilbasen.dk/brugt/bil/audi/e-tron/55-advanced-prestige-quattro-5d/6073486,dealer
https://www.bilbasen.dk/brugt/bil/jaguar/i-pace/ev400-s-awd-5d/6131272,dealer
https://www.bilbasen.dk/brugt/bil/tesla/model-3/performance-awd-4d/6142931,dealer
https://www.bilbasen.dk/brugt/bil/tesla/model-s/p85d-5d/5937502,dealer
https://www.bilbasen.dk/brugt/bil/audi/e-tron/55-s-line-quattro-5d/6143654,dealer
https://www.bilbasen.dk/brugt/bil/tesla/model-s/90d-5d/6115662,dealer
https://www.bilbasen.dk/brugt/bil/vw/e-golf-vii/5d/6120005,dealer
https://www.bilbasen.dk/brugt/bil/jaguar/i-pace/ev400-s-awd-5d/6157753,dealer
https://www.bilbasen.dk/brugt/bil/mercedes/eqc400/edition-1886-4matic-5d/6156800,dealer
https://www.bilbasen.dk/brugt/bil/vw/e-golf-vii/comfortline-5d/6110022,dealer
https://www.bilbasen.dk/brugt/bil/polestar/2/long-range-awd-5d/6009696,dealer
https://www.bilbasen.dk/brugt/bil/tesla/model-x/p100d-ludicrous-6prs-5d/6018933,dealer
https://www.bilbasen.dk/brugt/bil/tesla/model-3/performance-awd-4d/6112318,dealer
https://www.bilbasen.dk/brugt/bil/skoda/enyaq/80-iv-5d/6158225,dealer
https://www.bilbasen.dk/brugt/bil/bmw/ix3/charged-5d/6112195,dealer
https://www.bilbasen.dk/brugt/bil/tesla/model-3/long-range-awd-4d/5961199,dealer
https://www.bilbasen.dk/brugt/bil/audi/e-tron/55-s-line-sportback-quattro-5d/6117375,dealer
https://www.bilbasen.dk/brugt/bil/vw/id3/life-5d/6112907,dealer
https://www.bilbasen.dk/brugt/bil/vw/id4/pro-performance-1st-5d/6022118,dealer
https://www.bilbasen.dk/brugt/bil/vw/id4/pro-performance-business-5d/6147920,dealer
https://www.bilbasen.dk/brugt/bil/tesla/model-s/60-5d/5653895,dealer
https://www.bilbasen.dk/brugt/bil/vw/id4/1st-max-5d/6131032,dealer
https://www.bilbasen.dk/brugt/bil/mini/cooper-se/essential-3d/6127696,dealer
https://www.bilbasen.dk/brugt/bil/vw/id4/pro-performance-5d/6111159,dealer
https://www.bilbasen.dk/brugt/bil/mazda/mx-30/e-skyactiv-sky-5d/6066222,dealer
https://www.bilbasen.dk/brugt/bil/vw/id4/pro-performance-5d/6120123,dealer
https://www.bilbasen.dk/brugt/bil/hyundai/kona/64-ev-premium-5d/6130180,dealer
https://www.bilbasen.dk/brugt/bil/peugeot/e-2008/50-active-5d/5717153,dealer
https://www.bilbasen.dk/brugt/bil/skoda/enyaq/80-iv-suite-first-edition-5d/6068955,dealer
https://www.bilbasen.dk/brugt/bil/mercedes/eqc400/amg-line-4matic-5d/6096764,dealer
https://www.bilbasen.dk/brugt/bil/tesla/model-3/long-range-awd-4d/6151755,dealer
https://www.bilbasen.dk/brugt/bil/kia/e-niro/64-advance-5d/6077387,dealer
https://www.bilbasen.dk/brugt/bil/tesla/model-3/standard-range-rwd-4d/6112145,dealer
https://www.bilbasen.dk/brugt/bil/audi/e-tron/55-sportback-quattro-5d/6150914,dealer
https://www.bilbasen.dk/brugt/bil/audi/e-tron/55-s-line-quattro-5d/6128674,dealer
https://www.bilbasen.dk/brugt/bil/vw/id3/pro-performance-business-5d/6139156,dealer
https://www.bilbasen.dk/brugt/bil/mercedes/b-electric/range-plus-5d/5951257,dealer
https://www.bilbasen.dk/brugt/bil/polestar/2/long-range-awd-5d/6154319,dealer
https://www.bilbasen.dk/brugt/bil/audi/e-tron/50-quattro-5d/6121106,dealer
https://www.bilbasen.dk/brugt/bil/hyundai/kona/64-ev-trend-5d/6095167,dealer
https://www.bilbasen.dk/brugt/bil/tesla/model-3/long-range-awd-4d/6155037,dealer
https://www.bilbasen.dk/brugt/bil/porsche/taycan-4s/performance-4d/5975416,dealer
https://www.bilbasen.dk/brugt/bil/vw/id4/pro-performance-1st-max-5d/6134204,dealer
https://www.bilbasen.dk/brugt/bil/vw/id3/1st-plus-5d/6138721,dealer
https://www.bilbasen.dk/brugt/bil/polestar/2/long-range-awd-5d/6084511,dealer
https://www.bilbasen.dk/brugt/bil/vw/id3/pro-performance-tech-5d/6140551,dealer
https://www.bilbasen.dk/brugt/bil/peugeot/e-2008/50-gt-pack-5d/6154840,dealer
https://www.bilbasen.dk/brugt/bil/hyundai/kona/64-ev-premium-5d/6155157,dealer
https://www.bilbasen.dk/brugt/bil/vw/id3/pro-s-tour-5d/6128887,dealer
https://www.bilbasen.dk/brugt/bil/tesla/model-3/performance-awd-4d/6123270,dealer
https://www.bilbasen.dk/brugt/bil/citron/-c4/50-shine-5d/6152571,dealer
https://www.bilbasen.dk/brugt/bil/vw/id4/pro-performance-1st-5d/6151569,dealer
https://www.bilbasen.dk/brugt/bil/bmw/i3/bev-5d/6148298,dealer
https://www.bilbasen.dk/brugt/bil/bmw/i3/charged-5d/6150111,dealer
https://www.bilbasen.dk/brugt/bil/hyundai/kona/64-ev-premium-5d/6152024,dealer
https://www.bilbasen.dk/brugt/bil/smart/fortwo/eq-cabriolet-2d/6153446,dealer
https://www.bilbasen.dk/brugt/bil/mercedes/eqc400/amg-line-4matic-5d/5959260,dealer
https://www.bilbasen.dk/brugt/bil/tesla/model-3/standard-range-rwd-4d/6135210,dealer
https://www.bilbasen.dk/brugt/bil/bmw/i3/bev-5d/6103453,dealer
https://www.bilbasen.dk/brugt/bil/jaguar/i-pace/ev400-s-awd-5d/6108315,dealer
https://www.bilbasen.dk/brugt/bil/polestar/2/performance-awd-5d/6133567,dealer
https://www.bilbasen.dk/brugt/bil/skoda/enyaq/80x-iv-sportline-5d/6144098,dealer
https://www.bilbasen.dk/brugt/bil/audi/q4-e-tron/40-attitude-s-line-5d/6152417,dealer
https://www.bilbasen.dk/brugt/bil/kia/e-niro/64-executive-5d/6149406,dealer
https://www.bilbasen.dk/brugt/bil/vw/id3/1st-5d/6098061,dealer
https://www.bilbasen.dk/brugt/bil/tesla/model-3/standard-range-rwd-4d/6074920,dealer
https://www.bilbasen.dk/brugt/bil/tesla/model-3/standard-range-rwd-4d/6147769,dealer
https://www.bilbasen.dk/brugt/bil/tesla/model-s/p85-5d/6116504,dealer
https://www.bilbasen.dk/brugt/bil/polestar/2/long-range-awd-5d/6120380,dealer
https://www.bilbasen.dk/brugt/bil/kia/e-niro/64-advance-5d/6011207,dealer
https://www.bilbasen.dk/brugt/bil/skoda/enyaq/60-iv-plus-5d/6095212,dealer
https://www.bilbasen.dk/brugt/bil/nissan/leaf/40-tekna-5d/5879699,dealer
https://www.bilbasen.dk/brugt/bil/audi/e-tron/55-advanced-quattro-5d/6121771,dealer
https://www.bilbasen.dk/brugt/bil/jaguar/i-pace/ev400-first-edition-awd-5d/6067637,dealer
https://www.bilbasen.dk/brugt/bil/tesla/model-y/long-range-awd-5d/6089798,dealer
https://www.bilbasen.dk/brugt/bil/seat/mii/electric-5d/6140216,dealer
https://www.bilbasen.dk/brugt/bil/audi/e-tron/55-advanced-quattro-5d/6008511,dealer
https://www.bilbasen.dk/brugt/bil/tesla/model-s/ludicrous-performance-awd-5d/6145399,dealer
https://www.bilbasen.dk/brugt/bil/audi/q4-e-tron/40-attitude-5d/6136922,dealer
https://www.bilbasen.dk/brugt/bil/kia/e-niro/64-executive-line-5d/6134274,dealer
https://www.bilbasen.dk/brugt/bil/lexus/ux300e/luxury-5d/6118782,dealer
https://www.bilbasen.dk/brugt/bil/tesla/model-s/100d-5d/5714321,dealer
https://www.bilbasen.dk/brugt/bil/bmw/i4/edrive40-m-sport-5d/6115488,dealer
https://www.bilbasen.dk/brugt/bil/hyundai/ioniq/ev-trend-5d/6158129,dealer
https://www.bilbasen.dk/brugt/bil/volvo/xc40/p8-recharge-r-design-5d/6134787,dealer
https://www.bilbasen.dk/brugt/bil/tesla/model-3/long-range-awd-4d/6158393,dealer
https://www.bilbasen.dk/brugt/bil/mercedes/b250-e/aut-5d/6078846,dealer
https://www.bilbasen.dk/brugt/bil/tesla/model-3/long-range-awd-4d/6153213,dealer
https://www.bilbasen.dk/brugt/bil/tesla/model-3/standard-range-rwd-4d/6134439,dealer
https://www.bilbasen.dk/brugt/bil/bmw/i3/rex-5d/5987130,dealer
https://www.bilbasen.dk/brugt/bil/skoda/enyaq/80-iv-suite-first-edition-5d/6153130,dealer
https://www.bilbasen.dk/brugt/bil/nissan/leaf/40-tekna-5d/6129477,dealer
https://www.bilbasen.dk/brugt/bil/vw/id3/pro-performance-5d/6138041,dealer
https://www.bilbasen.dk/brugt/bil/skoda/citigo-e/iv-style-5d/6103279,dealer
https://www.bilbasen.dk/brugt/bil/tesla/model-y/long-range-awd-5d/6134717,dealer
https://www.bilbasen.dk/brugt/bil/kia/ev6/77-long-range-gt-line-5d/6157806,dealer
https://www.bilbasen.dk/brugt/bil/kia/e-niro/64-advance-5d/6128914,dealer
https://www.bilbasen.dk/brugt/bil/vw/id5/pro-performance-5d/6138102,dealer
https://www.bilbasen.dk/brugt/bil/kia/e-niro/64-advance-5d/6146119,dealer
https://www.bilbasen.dk/brugt/bil/polestar/2/long-range-awd-5d/6121723,dealer
https://www.bilbasen.dk/brugt/bil/mini/cooper-se/3d/6141308,dealer
https://www.bilbasen.dk/brugt/bil/polestar/2/long-range-awd-5d/6146088,dealer
https://www.bilbasen.dk/brugt/bil/vw/id4/pro-performance-1st-5d/6095652,dealer
https://www.bilbasen.dk/brugt/bil/polestar/2/long-range-awd-5d/6158576,dealer
https://www.bilbasen.dk/brugt/bil/hyundai/ioniq/ev-premium-5d/6120461,dealer
https://www.bilbasen.dk/brugt/bil/audi/e-tron/55-s-line-quattro-5d/6156331,dealer
https://www.bilbasen.dk/brugt/bil/hyundai/ioniq/ev-premium-5d/6089051,dealer
https://www.bilbasen.dk/brugt/bil/tesla/model-3/long-range-awd-4d/6145798,dealer
https://www.bilbasen.dk/brugt/bil/mg/zs/ev-luxury-5d/6141880,dealer
https://www.bilbasen.dk/brugt/bil/skoda/enyaq/60-iv-plus-5d/6152366,dealer
https://www.bilbasen.dk/brugt/bil/hyundai/kona/39-ev-advanced-5d/6061325,dealer
https://www.bilbasen.dk/brugt/bil/mercedes/eqb350/amg-line-4matic-5d/6087918,dealer
https://www.bilbasen.dk/brugt/bil/kia/e-niro/64-advance-5d/6135888,dealer
https://www.bilbasen.dk/brugt/bil/vw/id4/pro-performance-5d/6151271,dealer
https://www.bilbasen.dk/brugt/bil/mercedes/eqc400/amg-line-4matic-5d/6140410,dealer
https://www.bilbasen.dk/brugt/bil/tesla/model-3/performance-awd-4d/6117742,dealer
https://www.bilbasen.dk/brugt/bil/vw/e-golf-vii/5d/6026675,dealer
https://www.bilbasen.dk/brugt/bil/hyundai/kona/64-ev-premium-5d/6130760,dealer
https://www.bilbasen.dk/brugt/bil/mercedes/eqc400/edition-1886-4matic-5d/6138426,dealer
https://www.bilbasen.dk/brugt/bil/vw/id4/1st-max-5d/6154652,dealer
https://www.bilbasen.dk/brugt/bil/bmw/i4/m50-xdrive-5d/6111177,dealer
https://www.bilbasen.dk/brugt/bil/tesla/model-s/ludicrous-performance-awd-5d/6141414,dealer
https://www.bilbasen.dk/brugt/bil/bmw/i3/charged-plus-5d/6109120,dealer
https://www.bilbasen.dk/brugt/bil/ford/mustang-mach-e/extended-range-awd-5d/6055155,dealer
https://www.bilbasen.dk/brugt/bil/bmw/i3/bev-5d/6146989,dealer
https://www.bilbasen.dk/brugt/bil/hyundai/kona/64-ev-premium-5d/6157733,dealer
https://www.bilbasen.dk/brugt/bil/vw/id3/pro-performance-5d/6154230,dealer
https://www.bilbasen.dk/brugt/bil/skoda/enyaq/80-iv-loft-5d/6151065,dealer
https://www.bilbasen.dk/brugt/bil/tesla/model-3/performance-awd-4d/6100128,dealer
https://www.bilbasen.dk/brugt/bil/tesla/model-3/standard-range-rwd-4d/6157002,dealer
https://www.bilbasen.dk/brugt/bil/vw/id3/pro-s-5d/6111585,dealer
https://www.bilbasen.dk/brugt/bil/vw/e-golf-vii/5d/6092370,dealer
https://www.bilbasen.dk/brugt/bil/ford/mustang-mach-e/extended-range-5d/5966008,dealer
https://www.bilbasen.dk/brugt/bil/tesla/model-3/standard-range-rwd-4d/6158413,dealer
https://www.bilbasen.dk/brugt/bil/audi/q4-e-tron/40-s-line-5d/6148502,dealer
https://www.bilbasen.dk/brugt/bil/bmw/i3/bev-5d/6079431,dealer
https://www.bilbasen.dk/brugt/bil/tesla/model-3/performance-awd-4d/6144604,dealer
https://www.bilbasen.dk/brugt/bil/vw/e-up/5d/6053296,dealer
https://www.bilbasen.dk/brugt/bil/vw/id3/pro-s-tour-5d/6121182,dealer
https://www.bilbasen.dk/brugt/bil/audi/e-tron/55-advanced-quattro-5d/6149448,dealer
https://www.bilbasen.dk/brugt/bil/jaguar/i-pace/ev400-se-awd-5d/6139458,dealer
https://www.bilbasen.dk/brugt/bil/audi/q4-e-tron/40-5d/6093824,dealer
https://www.bilbasen.dk/brugt/bil/hyundai/ioniq-5/73-executive-awd-5d/6096728,dealer
https://www.bilbasen.dk/brugt/bil/tesla/model-3/performance-awd-4d/5860669,dealer
https://www.bilbasen.dk/brugt/bil/vw/id3/pro-performance-1st-plus-5d/6016580,dealer
https://www.bilbasen.dk/brugt/bil/mini/cooper-se/essential-3d/6133488,dealer
https://www.bilbasen.dk/brugt/bil/vw/id4/pro-performance-1st-max-5d/6129861,dealer
https://www.bilbasen.dk/brugt/bil/mercedes/eqc400/amg-line-4matic-5d/6125999,dealer
https://www.bilbasen.dk/brugt/bil/tesla/model-s/75-5d/6000312,dealer
https://www.bilbasen.dk/brugt/bil/volvo/xc40/p8-recharge-plus-5d/6122924,dealer
https://www.bilbasen.dk/brugt/bil/audi/q4-e-tron/40-5d/6153616,dealer
https://www.bilbasen.dk/brugt/bil/vw/id3/1st-5d/6158590,dealer
https://www.bilbasen.dk/brugt/bil/mercedes/eqa250/amg-line-5d/6126230,dealer
https://www.bilbasen.dk/brugt/bil/audi/e-tron/55-quattro-5d/6142094,dealer
https://www.bilbasen.dk/brugt/bil/vw/id3/pro-performance-1st-max-5d/5601114,dealer
https://www.bilbasen.dk/brugt/bil/vw/e-golf-vii/5d/6143024,dealer
https://www.bilbasen.dk/brugt/bil/hyundai/kona/64-ev-style-5d/6157923,dealer
https://www.bilbasen.dk/brugt/bil/audi/e-tron/50-quattro-5d/6145712,dealer
https://www.bilbasen.dk/brugt/bil/porsche/taycan-4s/performance-4d/6074424,dealer
https://www.bilbasen.dk/brugt/bil/vw/id3/pro-performance-life-5d/6141215,dealer
https://www.bilbasen.dk/brugt/bil/vw/id4/pro-performance-5d/6153636,dealer
https://www.bilbasen.dk/brugt/bil/vw/id3/1st-5d/6143263,dealer
https://www.bilbasen.dk/brugt/bil/skoda/enyaq/80-iv-loft-5d/6104655,dealer
https://www.bilbasen.dk/brugt/bil/vw/id3/pro-performance-5d/6141677,dealer
https://www.bilbasen.dk/brugt/bil/hyundai/kona/64-ev-premium-5d/6065643,dealer
https://www.bilbasen.dk/brugt/bil/jaguar/i-pace/ev320-se-awd-5d/6075678,dealer
https://www.bilbasen.dk/brugt/bil/mercedes/eqc400/amg-line-4matic-5d/6145832,dealer
https://www.bilbasen.dk/brugt/bil/audi/e-tron-gt/quattro-4d/6031960,dealer
https://www.bilbasen.dk/brugt/bil/tesla/model-3/standard-range-rwd-4d/6140928,dealer
https://www.bilbasen.dk/brugt/bil/vw/id3/pro-s-tour-5d/6117575,dealer
https://www.bilbasen.dk/brugt/bil/vw/id4/pro-performance-5d/6039281,dealer
https://www.bilbasen.dk/brugt/bil/mercedes/eqc400/4matic-5d/6059558,dealer
https://www.bilbasen.dk/brugt/bil/vw/e-golf-vii/5d/6154960,dealer
https://www.bilbasen.dk/brugt/bil/tesla/model-3/long-range-awd-4d/6146783,dealer
https://www.bilbasen.dk/brugt/bil/mercedes/eqc400/amg-line-4matic-5d/6126813,dealer
https://www.bilbasen.dk/brugt/bil/nissan/leaf/24-5d/6084057,dealer
https://www.bilbasen.dk/brugt/bil/tesla/model-3/long-range-awd-4d/6127363,dealer
https://www.bilbasen.dk/brugt/bil/mercedes/eqc400/amg-line-4matic-5d/6131462,dealer
https://www.bilbasen.dk/brugt/bil/skoda/citigo-e/iv-style-5d/6090970,dealer
https://www.bilbasen.dk/brugt/bil/hyundai/ioniq/ev-trend-5d/5714538,dealer
https://www.bilbasen.dk/brugt/bil/jaguar/i-pace/ev400-s-awd-5d/6113976,dealer
https://www.bilbasen.dk/brugt/bil/nissan/leaf/24-acenta-5d/6065814,dealer
https://www.bilbasen.dk/brugt/bil/mercedes/eqa250/amg-line-5d/6101256,dealer
https://www.bilbasen.dk/brugt/bil/hyundai/kona/64-ev-ultimate-5d/6139765,dealer
https://www.bilbasen.dk/brugt/bil/porsche/taycan/performance-4d/6158027,dealer
https://www.bilbasen.dk/brugt/bil/peugeot/e-2008/50-gt-premium-5d/6128626,dealer
https://www.bilbasen.dk/brugt/bil/bmw/ix3/charged-5d/6131012,dealer
https://www.bilbasen.dk/brugt/bil/peugeot/e-208/50-active-pack-5d/6064320,dealer
https://www.bilbasen.dk/brugt/bil/mercedes/eqc400/amg-line-4matic-5d/6145854,dealer
https://www.bilbasen.dk/brugt/bil/tesla/model-3/standard-range-rwd-4d/6146710,dealer
https://www.bilbasen.dk/brugt/bil/mercedes/eqc400/amg-line-4matic-5d/6138023,dealer
https://www.bilbasen.dk/brugt/bil/vw/e-golf-vii/comfortline-5d/6065539,dealer
https://www.bilbasen.dk/brugt/bil/vw/e-golf-vii/5d/6075034,dealer
https://www.bilbasen.dk/brugt/bil/vw/e-golf-vii/5d/5872092,dealer
https://www.bilbasen.dk/brugt/bil/vw/id3/pro-performance-1st-max-5d/6111842,dealer
https://www.bilbasen.dk/brugt/bil/audi/q4-e-tron/40-s-line-5d/6153531,dealer
https://www.bilbasen.dk/brugt/bil/polestar/2/long-range-5d/6110801,dealer
https://www.bilbasen.dk/brugt/bil/vw/id3/pro-performance-life-5d/6149765,dealer
https://www.bilbasen.dk/brugt/bil/audi/q4-e-tron/40-5d/6145555,dealer
https://www.bilbasen.dk/brugt/bil/vw/id4/gtx-4motion-5d/6075967,dealer
https://www.bilbasen.dk/brugt/bil/vw/id3/pro-s-5d/6157241,dealer
https://www.bilbasen.dk/brugt/bil/tesla/model-3/rwd-4d/6146675,dealer
https://www.bilbasen.dk/brugt/bil/tesla/model-3/long-range-awd-4d/6075416,dealer
https://www.bilbasen.dk/brugt/bil/tesla/model-3/performance-awd-4d/6159352,dealer
https://www.bilbasen.dk/brugt/bil/hyundai/kona/39-ev-trend-5d/6099901,dealer
https://www.bilbasen.dk/brugt/bil/jaguar/i-pace/ev400-s-awd-5d/6137373,dealer
https://www.bilbasen.dk/brugt/bil/polestar/2/long-range-awd-5d/6118234,dealer
https://www.bilbasen.dk/brugt/bil/hyundai/kona/64-ev-premium-5d/6155633,dealer
https://www.bilbasen.dk/brugt/bil/audi/q4-e-tron/40-s-line-sportback-5d/6148872,dealer
https://www.bilbasen.dk/brugt/bil/nissan/leaf/40-acenta-5d/6017057,dealer
https://www.bilbasen.dk/brugt/bil/tesla/model-3/long-range-awd-4d/6150471,dealer
https://www.bilbasen.dk/brugt/bil/polestar/2/performance-awd-5d/6145738,dealer
https://www.bilbasen.dk/brugt/bil/audi/e-tron/50-s-line-prestige-quattro-5d/6102856,dealer
https://www.bilbasen.dk/brugt/bil/tesla/model-3/long-range-awd-4d/6152829,dealer
https://www.bilbasen.dk/brugt/bil/renault/zoe/22-life-5d/6111569,dealer
https://www.bilbasen.dk/brugt/bil/vw/id3/pro-s-tour-5d/6098079,dealer
https://www.bilbasen.dk/brugt/bil/vw/id3/pro-performance-1st-max-5d/6147356,dealer
https://www.bilbasen.dk/brugt/bil/vw/e-up/5d/6074392,dealer
https://www.bilbasen.dk/brugt/bil/vw/id3/pro-performance-1st-plus-5d/6140048,dealer
https://www.bilbasen.dk/brugt/bil/vw/e-golf-vii/5d/6142753,dealer
https://www.bilbasen.dk/brugt/bil/mercedes/evito-129/tourer-pro-xl/6143921,dealer
https://www.bilbasen.dk/brugt/bil/mercedes/eqa250/amg-line-5d/6134005,dealer
https://www.bilbasen.dk/brugt/bil/tesla/model-3/long-range-awd-4d/6110324,dealer
https://www.bilbasen.dk/brugt/bil/bmw/ix3/charged-plus-5d/6111605,dealer
https://www.bilbasen.dk/brugt/bil/hyundai/ioniq/ev-trend-5d/6140128,dealer
https://www.bilbasen.dk/brugt/bil/vw/id4/pro-performance-1st-5d/6128072,dealer
https://www.bilbasen.dk/brugt/bil/skoda/enyaq/80-iv-suite-5d/6148144,dealer
https://www.bilbasen.dk/brugt/bil/bmw/i3/bev-5d/6141662,dealer
https://www.bilbasen.dk/brugt/bil/audi/e-tron/55-s-line-quattro-5d/6131297,dealer
https://www.bilbasen.dk/brugt/bil/polestar/2/long-range-awd-5d/6146936,dealer
https://www.bilbasen.dk/brugt/bil/seat/mii/electric-5d/6151534,dealer
https://www.bilbasen.dk/brugt/bil/tesla/model-x/p90d-ludicrous-7prs-5d/6101312,dealer
https://www.bilbasen.dk/brugt/bil/kia/e-niro/64-advance-5d/6156764,dealer
https://www.bilbasen.dk/brugt/bil/audi/e-tron/55-quattro-5d/6131234,dealer
https://www.bilbasen.dk/brugt/bil/hyundai/kona/64-ev-premium-5d/6117358,dealer
https://www.bilbasen.dk/brugt/bil/polestar/2/long-range-awd-5d/6134833,dealer
https://www.bilbasen.dk/brugt/bil/opel/corsa-e/50-ultimate-5d/6091461,dealer
https://www.bilbasen.dk/brugt/bil/vw/id4/pro-performance-1st-max-5d/6047861,dealer
https://www.bilbasen.dk/brugt/bil/skoda/enyaq/80-iv-suite-5d/6074005,dealer
https://www.bilbasen.dk/brugt/bil/vw/id3/pro-performance-5d/6101062,dealer
https://www.bilbasen.dk/brugt/bil/tesla/model-3/long-range-awd-4d/6133494,dealer
https://www.bilbasen.dk/brugt/bil/vw/id4/tech-performance-5d/6142201,dealer
https://www.bilbasen.dk/brugt/bil/bmw/i3/charged-5d/6127275,dealer
https://www.bilbasen.dk/brugt/bil/skoda/enyaq/80-iv-sportline-5d/6096782,dealer
https://www.bilbasen.dk/brugt/bil/tesla/model-x/75d-5d/6124180,dealer
https://www.bilbasen.dk/brugt/bil/vw/e-up/high-up-5d/6158124,dealer
https://www.bilbasen.dk/brugt/bil/mercedes/eqc400/amg-line-4matic-5d/6152903,dealer
https://www.bilbasen.dk/brugt/bil/hyundai/kona/64-ev-style-5d/6149412,dealer
https://www.bilbasen.dk/brugt/bil/tesla/model-x/100d-5d/5941478,dealer
https://www.bilbasen.dk/brugt/bil/nissan/leaf/40-2zero-5d/6156528,dealer
https://www.bilbasen.dk/brugt/bil/volvo/xc40/p8-recharge-pro-5d/6146521,dealer
https://www.bilbasen.dk/brugt/bil/bmw/i3/bev-5d/5555746,dealer
https://www.bilbasen.dk/brugt/bil/kia/e-niro/64-advance-5d/6078086,dealer
https://www.bilbasen.dk/brugt/bil/hyundai/ioniq-5/73-ultimate-5d/6144447,dealer
https://www.bilbasen.dk/brugt/bil/vw/id4/pro-performance-5d/6150071,dealer
https://www.bilbasen.dk/brugt/bil/vw/id3/pro-performance-tech-5d/6154316,dealer
https://www.bilbasen.dk/brugt/bil/vw/id3/1st-plus-performance-5d/6141660,dealer
https://www.bilbasen.dk/brugt/bil/nissan/leaf/40-n-connecta-5d/6153131,dealer
https://www.bilbasen.dk/brugt/bil/vw/e-up/move-up-5d/6107094,dealer
https://www.bilbasen.dk/brugt/bil/tesla/model-3/long-range-awd-4d/6154498,dealer
https://www.bilbasen.dk/brugt/bil/mercedes/eqc400/amg-line-4matic-5d/6135643,dealer
https://www.bilbasen.dk/brugt/bil/tesla/model-3/long-range-awd-4d/6135173,dealer
https://www.bilbasen.dk/brugt/bil/tesla/model-3/standard-range-rwd-4d/6145959,dealer
https://www.bilbasen.dk/brugt/bil/vw/id4/pro-performance-5d/6153938,dealer
https://www.bilbasen.dk/brugt/bil/vw/e-up/5d/6155956,dealer
https://www.bilbasen.dk/brugt/bil/vw/id3/pro-s-5d/6139883,dealer
https://www.bilbasen.dk/brugt/bil/vw/id4/gtx-4motion-5d/6108563,dealer
https://www.bilbasen.dk/brugt/bil/skoda/enyaq/60-iv-5d/6092361,dealer
https://www.bilbasen.dk/brugt/bil/polestar/2/long-range-awd-5d/6132141,dealer
https://www.bilbasen.dk/brugt/bil/audi/e-tron/55-advanced-quattro-5d/6115722,dealer
https://www.bilbasen.dk/brugt/bil/bmw/i3/bev-5d/6111623,dealer
https://www.bilbasen.dk/brugt/bil/vw/id3/pro-performance-1st-5d/6093145,dealer
https://www.bilbasen.dk/brugt/bil/volvo/xc40/p8-recharge-r-design-5d/6149464,dealer
https://www.bilbasen.dk/brugt/bil/renault/zoe/52-intens-5d/6146921,dealer
https://www.bilbasen.dk/brugt/bil/tesla/model-x/90d-5d/6059444,dealer
https://www.bilbasen.dk/brugt/bil/audi/e-tron/50-s-line-prestige-quattro-5d/6054392,dealer
https://www.bilbasen.dk/brugt/bil/tesla/model-3/standard-range-rwd-4d/6134401,dealer
https://www.bilbasen.dk/brugt/bil/vw/id4/pro-performance-max-5d/6153316,dealer
https://www.bilbasen.dk/brugt/bil/vw/id4/pro-performance-1st-5d/6149048,dealer
https://www.bilbasen.dk/brugt/bil/tesla/model-s/90d-5d/5748067,dealer
https://www.bilbasen.dk/brugt/bil/ford/mustang-mach-e/extended-range-awd-5d/6152677,dealer
https://www.bilbasen.dk/brugt/bil/tesla/model-3/performance-awd-4d/6124569,dealer
https://www.bilbasen.dk/brugt/bil/mercedes/eqc400/amg-line-4matic-5d/6112064,dealer
https://www.bilbasen.dk/brugt/bil/skoda/enyaq/80-iv-loft-5d/6151028,dealer
https://www.bilbasen.dk/brugt/bil/vw/id3/pro-s-tour-5d/6153814,dealer
https://www.bilbasen.dk/brugt/bil/nissan/leaf/24-tekna-5d/6052466,dealer
https://www.bilbasen.dk/brugt/bil/skoda/enyaq/80-iv-plus-5d/6121857,dealer
https://www.bilbasen.dk/brugt/bil/hyundai/kona/64-ev-essential-5d/6147569,dealer
https://www.bilbasen.dk/brugt/bil/citron/-c4/50-shine-sport-5d/6159260,dealer
https://www.bilbasen.dk/brugt/bil/mini/cooper-se/essential-3d/6102541,dealer
https://www.bilbasen.dk/brugt/bil/tesla/model-3/standard-range-rwd-4d/6080146,dealer
https://www.bilbasen.dk/brugt/bil/skoda/enyaq/80-iv-lodge-5d/6127941,dealer
https://www.bilbasen.dk/brugt/bil/bmw/i3/bev-5d/6118490,dealer
https://www.bilbasen.dk/brugt/bil/bmw/i4/edrive40-5d/6101405,dealer
https://www.bilbasen.dk/brugt/bil/vw/id3/pro-performance-1st-max-5d/6148717,dealer
https://www.bilbasen.dk/brugt/bil/porsche/taycan-turbo/4d/6146943,dealer
https://www.bilbasen.dk/brugt/bil/vw/e-up/high-up-5d/5744689,dealer
https://www.bilbasen.dk/brugt/bil/vw/e-golf-vii/5d/6118232,dealer
https://www.bilbasen.dk/brugt/bil/vw/id4/pro-performance-1st-max-5d/6114108,dealer
https://www.bilbasen.dk/brugt/bil/hyundai/ioniq-5/73-ultimate-5d/6108783,dealer
https://www.bilbasen.dk/brugt/bil/mercedes/eqa250/amg-line-5d/6123877,dealer
https://www.bilbasen.dk/brugt/bil/ford/mustang-mach-e/standard-range-awd-5d/6088868,dealer
https://www.bilbasen.dk/brugt/bil/audi/e-tron/50-advanced-prestige-quattro-5d/6077956,dealer
https://www.bilbasen.dk/brugt/bil/ford/mustang-mach-e/first-edition-extended-range-awd-5d/6135986,dealer
https://www.bilbasen.dk/brugt/bil/vw/id3/life-5d/5684529,dealer
https://www.bilbasen.dk/brugt/bil/skoda/enyaq/60-iv-plus-5d/6139939,dealer
https://www.bilbasen.dk/brugt/bil/volvo/xc40/p6-recharge-plus-5d/6032149,dealer
https://www.bilbasen.dk/brugt/bil/skoda/enyaq/80-iv-ecosuite-5d/6125494,dealer
https://www.bilbasen.dk/brugt/bil/mercedes/eqa250/progressive-5d/5777143,dealer
https://www.bilbasen.dk/brugt/bil/mercedes/eqa250/amg-line-5d/6151851,dealer
https://www.bilbasen.dk/brugt/bil/tesla/model-3/long-range-awd-4d/6158599,dealer
https://www.bilbasen.dk/brugt/bil/nissan/leaf/40-n-connecta-5d/5813730,dealer
https://www.bilbasen.dk/brugt/bil/vw/id4/pro-performance-1st-5d/6157309,dealer
https://www.bilbasen.dk/brugt/bil/skoda/enyaq/80-iv-ecosuite-5d/6139612,dealer
https://www.bilbasen.dk/brugt/bil/ford/mustang-mach-e/gt-extended-range-awd-5d/6025324,dealer
https://www.bilbasen.dk/brugt/bil/nissan/leaf/40-tekna-5d/6003213,dealer
https://www.bilbasen.dk/brugt/bil/tesla/model-3/performance-awd-4d/6057725,dealer
https://www.bilbasen.dk/brugt/bil/audi/e-tron/55-quattro-5d/6105278,dealer
https://www.bilbasen.dk/brugt/bil/vw/id4/pro-performance-1st-5d/6158890,dealer
https://www.bilbasen.dk/brugt/bil/skoda/enyaq/80-iv-plus-ecosuite-5d/5943724,dealer
https://www.bilbasen.dk/brugt/bil/skoda/enyaq/80-iv-suite-5d/6127939,dealer
https://www.bilbasen.dk/brugt/bil/fiat/500e/la-prima-cabrio-2d/6156820,dealer
https://www.bilbasen.dk/brugt/bil/audi/e-tron/55-s-line-sportback-quattro-5d/6098829,dealer
https://www.bilbasen.dk/brugt/bil/tesla/model-3/standard-range-rwd-4d/6147447,dealer
https://www.bilbasen.dk/brugt/bil/tesla/model-x/90d-7prs-5d/6086556,dealer
https://www.bilbasen.dk/brugt/bil/tesla/model-3/long-range-awd-4d/6157826,dealer
https://www.bilbasen.dk/brugt/bil/mercedes/eqc400/edition-1886-4matic-5d/5953869,dealer
https://www.bilbasen.dk/brugt/bil/hyundai/kona/64-ev-style-5d/6152346,dealer
https://www.bilbasen.dk/brugt/bil/audi/e-tron/55-quattro-5d/6126897,dealer
https://www.bilbasen.dk/brugt/bil/kia/e-soul/64-advance-5d/5992625,dealer
https://www.bilbasen.dk/brugt/bil/tesla/model-y/long-range-awd-5d/6154586,dealer
https://www.bilbasen.dk/brugt/bil/mercedes/eqa250/amg-line-5d/6124275,dealer
https://www.bilbasen.dk/brugt/bil/jaguar/i-pace/ev320-se-awd-5d/6049911,dealer
https://www.bilbasen.dk/brugt/bil/mercedes/eqc400/amg-line-4matic-5d/6107746,dealer
https://www.bilbasen.dk/brugt/bil/kia/ev6/77-long-range-5d/5987047,dealer
https://www.bilbasen.dk/brugt/bil/vw/id4/pro-performance-1st-max-5d/6144932,dealer
https://www.bilbasen.dk/brugt/bil/nissan/leaf/40-tekna-5d/6146377,dealer
https://www.bilbasen.dk/brugt/bil/bmw/ix3/charged-plus-m-sport-5d/6088594,dealer
https://www.bilbasen.dk/brugt/bil/tesla/model-3/standard-range-rwd-4d/6146833,dealer
https://www.bilbasen.dk/brugt/bil/polestar/2/long-range-awd-5d/6119264,dealer
https://www.bilbasen.dk/brugt/bil/hyundai/kona/64-ev-style-5d/6145487,dealer
https://www.bilbasen.dk/brugt/bil/vw/id3/1st-plus-5d/6141263,dealer
https://www.bilbasen.dk/brugt/bil/tesla/model-3/standard-range-rwd-4d/6109903,dealer
https://www.bilbasen.dk/brugt/bil/vw/id4/pro-performance-1st-5d/6153675,dealer
https://www.bilbasen.dk/brugt/bil/vw/id4/pro-performance-5d/6052480,dealer
https://www.bilbasen.dk/brugt/bil/skoda/enyaq/80-iv-ecosuite-5d/6115930,dealer
https://www.bilbasen.dk/brugt/bil/vw/e-up/high-up-5d/6079614,dealer
https://www.bilbasen.dk/brugt/bil/renault/zoe/41-intens-5d/6017109,dealer
https://www.bilbasen.dk/brugt/bil/renault/zoe/22-life-5d/6097408,dealer
https://www.bilbasen.dk/brugt/bil/hyundai/ioniq-5/58-essential-5d/6148402,dealer
https://www.bilbasen.dk/brugt/bil/nissan/leaf/62-e-tekna-5d/6115077,dealer
https://www.bilbasen.dk/brugt/bil/jaguar/i-pace/ev400-first-edition-awd-5d/6144246,dealer
https://www.bilbasen.dk/brugt/bil/tesla/model-s/75d-5d/6152136,dealer
https://www.bilbasen.dk/brugt/bil/bmw/i3s/bev-5d/6004218,dealer
https://www.bilbasen.dk/brugt/bil/porsche/taycan-4s/4d/6156127,dealer
https://www.bilbasen.dk/brugt/bil/vw/id4/pro-performance-1st-max-5d/6051175,dealer
https://www.bilbasen.dk/brugt/bil/skoda/enyaq/80-iv-loft-5d/6145608,dealer
https://www.bilbasen.dk/brugt/bil/vw/id4/pro-performance-1st-5d/6155217,dealer
https://www.bilbasen.dk/brugt/bil/vw/e-golf-vii/5d/6148412,dealer
https://www.bilbasen.dk/brugt/bil/vw/id3/pro-performance-5d/6000866,dealer
https://www.bilbasen.dk/brugt/bil/vw/id3/pro-performance-1st-max-5d/6146649,dealer
https://www.bilbasen.dk/brugt/bil/volvo/xc40/p8-recharge-r-design-5d/6125507,dealer
https://www.bilbasen.dk/brugt/bil/kia/e-niro/64-advance-5d/6153306,dealer
https://www.bilbasen.dk/brugt/bil/vw/id4/pro-performance-5d/6143304,dealer
https://www.bilbasen.dk/brugt/bil/audi/e-tron/50-advanced-prestige-quattro-5d/6135128,dealer
https://www.bilbasen.dk/brugt/bil/vw/e-golf-vii/5d/6092464,dealer
https://www.bilbasen.dk/brugt/bil/tesla/model-3/long-range-awd-4d/6151233,dealer
https://www.bilbasen.dk/brugt/bil/nissan/leaf/40-tekna-5d/6151074,dealer
https://www.bilbasen.dk/brugt/bil/ford/mustang-mach-e/extended-range-5d/6107814,dealer
https://www.bilbasen.dk/brugt/bil/vw/id4/pro-performance-5d/6064554,dealer
https://www.bilbasen.dk/brugt/bil/vw/id4/pro-performance-1st-5d/6156484,dealer
https://www.bilbasen.dk/brugt/bil/vw/id3/pro-performance-1st-plus-5d/6148422,dealer
https://www.bilbasen.dk/brugt/bil/renault/zoe/22-intens-5d/6141853,dealer
https://www.bilbasen.dk/brugt/bil/hyundai/kona/64-ev-style-5d/6145491,dealer
https://www.bilbasen.dk/brugt/bil/tesla/model-3/standard-range-rwd-4d/6055242,dealer
https://www.bilbasen.dk/brugt/bil/tesla/model-3/performance-awd-4d/6109777,dealer
https://www.bilbasen.dk/brugt/bil/tesla/model-s/100d-5d/5747834,dealer
https://www.bilbasen.dk/brugt/bil/tesla/model-3/standard-range-rwd-4d/6157844,dealer
https://www.bilbasen.dk/brugt/bil/vw/id3/1st-max-5d/6132074,dealer
https://www.bilbasen.dk/brugt/bil/vw/id4/pro-performance-1st-max-5d/6145464,dealer
https://www.bilbasen.dk/brugt/bil/audi/e-tron/55-s-line-quattro-5d/6158196,dealer
https://www.bilbasen.dk/brugt/bil/vw/id5/pro-performance-5d/6052653,dealer
https://www.bilbasen.dk/brugt/bil/cupra/born/58-high-5d/6154925,dealer
https://www.bilbasen.dk/brugt/bil/renault/zoe/52-experience-5d/6096026,dealer
https://www.bilbasen.dk/brugt/bil/vw/e-golf-vii/5d/6146775,dealer
https://www.bilbasen.dk/brugt/bil/mercedes/eqc400/amg-line-4matic-5d/6143528,dealer
https://www.bilbasen.dk/brugt/bil/tesla/model-y/long-range-awd-5d/6144227,dealer
https://www.bilbasen.dk/brugt/bil/audi/e-tron/55-s-line-quattro-5d/6146809,dealer
https://www.bilbasen.dk/brugt/bil/mg/zs/ev-luxury-5d/6146794,dealer
https://www.bilbasen.dk/brugt/bil/mercedes/eqa350/amg-line-4matic-5d/6011415,dealer
https://www.bilbasen.dk/brugt/bil/vw/e-golf-vii/5d/6108624,dealer
https://www.bilbasen.dk/brugt/bil/polestar/2/long-range-5d/6092279,dealer
https://www.bilbasen.dk/brugt/bil/kia/ev6/77-long-range-5d/5915723,dealer
https://www.bilbasen.dk/brugt/bil/audi/e-tron/55-advanced-quattro-5d/6118806,dealer
https://www.bilbasen.dk/brugt/bil/tesla/model-3/long-range-awd-4d/6156974,dealer
https://www.bilbasen.dk/brugt/bil/tesla/model-3/performance-awd-4d/6155761,dealer
https://www.bilbasen.dk/brugt/bil/bmw/ix3/charged-plus-5d/6154320,dealer
https://www.bilbasen.dk/brugt/bil/hyundai/kona/39-ev-trend-5d/6100719,dealer
https://www.bilbasen.dk/brugt/bil/skoda/enyaq/80-iv-ecosuite-5d/6148711,dealer
https://www.bilbasen.dk/brugt/bil/peugeot/e-208/50-active-pack-5d/6152367,dealer
https://www.bilbasen.dk/brugt/bil/kia/soul/30-advance-5d/6130840,dealer
https://www.bilbasen.dk/brugt/bil/audi/e-tron/55-s-line-quattro-5d/6149109,dealer
https://www.bilbasen.dk/brugt/bil/tesla/model-x/75d-7prs-5d/5583586,dealer
https://www.bilbasen.dk/brugt/bil/kia/e-niro/64-advance-5d/6113015,dealer
https://www.bilbasen.dk/brugt/bil/audi/q4-e-tron/40-s-line-5d/6156120,dealer
https://www.bilbasen.dk/brugt/bil/tesla/model-3/standard-range-rwd-4d/6024015,dealer
https://www.bilbasen.dk/brugt/bil/vw/id4/pro-performance-5d/6149985,dealer
https://www.bilbasen.dk/brugt/bil/peugeot/e-208/50-active-pack-5d/6119945,dealer
https://www.bilbasen.dk/brugt/bil/audi/q4-e-tron/50-s-line-quattro-5d/6119984,dealer
https://www.bilbasen.dk/brugt/bil/audi/q4-e-tron/40-attitude-5d/6153997,dealer
https://www.bilbasen.dk/brugt/bil/tesla/model-3/standard-range-rwd-4d/6134998,dealer
https://www.bilbasen.dk/brugt/bil/bmw/i4/edrive40-5d/6084541,dealer
https://www.bilbasen.dk/brugt/bil/vw/e-golf-vii/5d/6096979,dealer
https://www.bilbasen.dk/brugt/bil/vw/id4/pro-performance-5d/6139923,dealer
https://www.bilbasen.dk/brugt/bil/tesla/model-s/85d-5d/6084313,dealer
https://www.bilbasen.dk/brugt/bil/hyundai/kona/64-ev-premium-5d/5988665,dealer
https://www.bilbasen.dk/brugt/bil/audi/e-tron/55-quattro-5d/6144987,dealer
https://www.bilbasen.dk/brugt/bil/ds/ds-3-crossback/50-e-tense-5d/6085782,dealer
https://www.bilbasen.dk/brugt/bil/vw/id3/pro-s-tour-5d/6126060,dealer
https://www.bilbasen.dk/brugt/bil/hyundai/ioniq-5/58-essential-5d/5990336,dealer
https://www.bilbasen.dk/brugt/bil/mercedes/eqa250/amg-line-5d/6148345,dealer
https://www.bilbasen.dk/brugt/bil/seat/mii/electric-5d/5875182,dealer
https://www.bilbasen.dk/brugt/bil/vw/e-golf-vii/5d/6064599,dealer
https://www.bilbasen.dk/brugt/bil/audi/q4-e-tron/40-s-line-5d/6155953,dealer
https://www.bilbasen.dk/brugt/bil/mercedes/eqa250/5d/5967177,dealer
https://www.bilbasen.dk/brugt/bil/tesla/model-3/performance-awd-4d/6143457,dealer
https://www.bilbasen.dk/brugt/bil/nissan/leaf/62-e-tekna-5d/6101192,dealer
https://www.bilbasen.dk/brugt/bil/tesla/model-s/75-5d/6103500,dealer
https://www.bilbasen.dk/brugt/bil/audi/e-tron/55-s-line-quattro-5d/6118640,dealer
https://www.bilbasen.dk/brugt/bil/peugeot/e-208/50-active-pack-5d/6133650,dealer
https://www.bilbasen.dk/brugt/bil/vw/e-golf-vii/5d/5959434,dealer
https://www.bilbasen.dk/brugt/bil/porsche/taycan-turbo-s/cross-turismo-5d/6037985,dealer
https://www.bilbasen.dk/brugt/bil/vw/id4/gtx-4motion-5d/6118604,dealer
https://www.bilbasen.dk/brugt/bil/vw/id3/1st-plus-performance-5d/6150541,dealer
https://www.bilbasen.dk/brugt/bil/audi/q4-e-tron/40-attitude-5d/6142327,dealer
https://www.bilbasen.dk/brugt/bil/vw/id3/pro-s-tour-5d/6143554,dealer
https://www.bilbasen.dk/brugt/bil/volvo/xc40/p8-recharge-r-design-5d/6141503,dealer
https://www.bilbasen.dk/brugt/bil/tesla/model-3/performance-awd-4d/6143493,dealer
https://www.bilbasen.dk/brugt/bil/renault/zoe/41-intens-5d/5947525,dealer
https://www.bilbasen.dk/brugt/bil/bmw/i3/bev-5d/6137413,dealer
https://www.bilbasen.dk/brugt/bil/audi/q4-e-tron/40-attitude-s-line-5d/6157301,dealer
https://www.bilbasen.dk/brugt/bil/tesla/model-3/long-range-awd-4d/6148097,dealer
https://www.bilbasen.dk/brugt/bil/polestar/2/long-range-5d/6120993,dealer
https://www.bilbasen.dk/brugt/bil/audi/e-tron/50-advanced-prestige-quattro-5d/6115350,dealer
https://www.bilbasen.dk/brugt/bil/audi/e-tron/55-advanced-quattro-5d/6109991,dealer
https://www.bilbasen.dk/brugt/bil/bmw/i3/charged-5d/6137890,dealer
https://www.bilbasen.dk/brugt/bil/audi/q4-e-tron/40-attitude-s-line-5d/6131326,dealer
https://www.bilbasen.dk/brugt/bil/tesla/model-s/long-range-awd-5d/6129270,dealer
https://www.bilbasen.dk/brugt/bil/tesla/model-3/long-range-awd-4d/5934453,dealer
https://www.bilbasen.dk/brugt/bil/bmw/ix3/charged-plus-5d/5995756,dealer
https://www.bilbasen.dk/brugt/bil/audi/e-tron/55-prestige-quattro-5d/5843181,dealer
https://www.bilbasen.dk/brugt/bil/tesla/model-3/long-range-awd-4d/6029762,dealer
https://www.bilbasen.dk/brugt/bil/audi/e-tron/55-s-line-quattro-5d/6135678,dealer
https://www.bilbasen.dk/brugt/bil/audi/e-tron/55-sportback-quattro-5d/5996729,dealer
https://www.bilbasen.dk/brugt/bil/tesla/model-s/90d-5d/6121326,dealer
https://www.bilbasen.dk/brugt/bil/tesla/model-s/long-range-awd-5d/6154757,dealer
https://www.bilbasen.dk/brugt/bil/tesla/model-3/long-range-awd-4d/6147086,dealer
https://www.bilbasen.dk/brugt/bil/vw/id4/pro-performance-5d/6154447,dealer
https://www.bilbasen.dk/brugt/bil/polestar/2/performance-awd-5d/6112057,dealer
https://www.bilbasen.dk/brugt/bil/vw/e-golf-vii/5d/6127169,dealer
https://www.bilbasen.dk/brugt/bil/nissan/leaf/62-e-tekna-5d/6135196,dealer
https://www.bilbasen.dk/brugt/bil/tesla/model-3/performance-awd-4d/6157746,dealer
https://www.bilbasen.dk/brugt/bil/tesla/model-3/standard-range-rwd-4d/6142191,dealer
https://www.bilbasen.dk/brugt/bil/polestar/2/standard-range-5d/6145823,dealer
https://www.bilbasen.dk/brugt/bil/vw/e-up/high-up-5d/5750449,dealer
https://www.bilbasen.dk/brugt/bil/porsche/taycan-4s/performance-4d/5834626,dealer
https://www.bilbasen.dk/brugt/bil/skoda/enyaq/80-iv-plus-5d/6156509,dealer
https://www.bilbasen.dk/brugt/bil/hyundai/kona/64-ev-style-5d/6108371,dealer
https://www.bilbasen.dk/brugt/bil/bmw/i3/bev-5d/6136400,dealer
https://www.bilbasen.dk/brugt/bil/audi/e-tron/55-advanced-quattro-5d/5937665,dealer
https://www.bilbasen.dk/brugt/bil/vw/id4/pro-performance-5d/6151164,dealer
https://www.bilbasen.dk/brugt/bil/tesla/model-3/long-range-awd-4d/6138896,dealer
https://www.bilbasen.dk/brugt/bil/vw/e-golf-vii/5d/5579899,dealer
https://www.bilbasen.dk/brugt/bil/vw/e-golf-vii/comfortline-5d/6098565,dealer
https://www.bilbasen.dk/brugt/bil/tesla/model-3/performance-awd-4d/6153266,dealer
https://www.bilbasen.dk/brugt/bil/vw/id4/pro-performance-1st-5d/6157418,dealer
https://www.bilbasen.dk/brugt/bil/volvo/xc40/p8-recharge-pro-5d/6148477,dealer
https://www.bilbasen.dk/brugt/bil/tesla/model-3/long-range-awd-4d/6049190,dealer
https://www.bilbasen.dk/brugt/bil/ford/mustang-mach-e/extended-range-awd-5d/6149362,dealer
https://www.bilbasen.dk/brugt/bil/tesla/model-3/standard-range-rwd-4d/6131374,dealer
https://www.bilbasen.dk/brugt/bil/nissan/leaf/62-e-tekna-5d/6124750,dealer
https://www.bilbasen.dk/brugt/bil/nissan/leaf/40-tekna-5d/6114305,dealer
https://www.bilbasen.dk/brugt/bil/hyundai/ioniq-5/73-ultimate-5d/6115865,dealer
https://www.bilbasen.dk/brugt/bil/skoda/enyaq/80-iv-loft-5d/6158751,dealer
https://www.bilbasen.dk/brugt/bil/nissan/leaf/40-tekna-5d/6136424,dealer
https://www.bilbasen.dk/brugt/bil/tesla/model-3/standard-range-rwd-4d/6132494,dealer
https://www.bilbasen.dk/brugt/bil/kia/e-niro/39-vision-5d/6106692,dealer
https://www.bilbasen.dk/brugt/bil/hyundai/kona/64-ev-style-5d/6130767,dealer
https://www.bilbasen.dk/brugt/bil/polestar/2/long-range-5d/6106342,dealer
https://www.bilbasen.dk/brugt/bil/vw/e-up/high-up-5d/6106919,dealer
https://www.bilbasen.dk/brugt/bil/ds/ds-3-crossback/50-e-tense-grand-chic-5d/6157731,dealer
https://www.bilbasen.dk/brugt/bil/volvo/xc40/p8-recharge-pro-5d/6147366,dealer
https://www.bilbasen.dk/brugt/bil/vw/id4/pro-performance-1st-5d/6071382,dealer
https://www.bilbasen.dk/brugt/bil/tesla/model-3/standard-range-rwd-4d/6026371,dealer
https://www.bilbasen.dk/brugt/bil/vw/id3/1st-5d/6090299,dealer
https://www.bilbasen.dk/brugt/bil/vw/id4/pro-performance-5d/5923161,dealer
https://www.bilbasen.dk/brugt/bil/tesla/model-3/long-range-awd-4d/6125145,dealer
https://www.bilbasen.dk/brugt/bil/skoda/enyaq/80x-iv-suite-5d/6158426,dealer
https://www.bilbasen.dk/brugt/bil/vw/id4/pro-performance-1st-5d/6140504,dealer
https://www.bilbasen.dk/brugt/bil/vw/e-golf-vii/5d/6100699,dealer
https://www.bilbasen.dk/brugt/bil/bmw/i3/charged-professional-5d/5900721,dealer
https://www.bilbasen.dk/brugt/bil/kia/e-niro/64-premium-5d/6114502,dealer
https://www.bilbasen.dk/brugt/bil/volvo/xc40/p8-recharge-plus-5d/5975028,dealer
https://www.bilbasen.dk/brugt/bil/skoda/enyaq/80x-iv-sportline-5d/6153696,dealer
https://www.bilbasen.dk/brugt/bil/fiat/500e/passion-3d/5989925,dealer
https://www.bilbasen.dk/brugt/bil/peugeot/e-208/50-gt-line-5d/6099247,dealer
https://www.bilbasen.dk/brugt/bil/volvo/xc40/p8-recharge-r-design-5d/6134135,dealer
https://www.bilbasen.dk/brugt/bil/vw/id4/1st-max-5d/6136211,dealer
https://www.bilbasen.dk/brugt/bil/audi/e-tron/55-s-line-sportback-quattro-5d/6104120,dealer
https://www.bilbasen.dk/brugt/bil/audi/e-tron/50-advanced-quattro-5d/6034161,dealer
